Surface No.;Grid;Grid Point Coordinates [m];;;;Displacements [mm];;;;Rotations [mrad];;;
;Point No.;X;Y;Z;;|u|;u_X;u_Y;u_Z;φ_X;φ_Y;φ_Z;Surface Comment
1;1;0.000;0.000;-3.600;;484.1;-0.1;0.9;484.1;0.4;1.0;0.0;
1;2;0.500;0.000;-3.600;;483.6;0.0;0.9;483.6;0.5;1.1;0.0;
1;3;1.000;0.000;-3.600;;483.0;0.0;0.9;483.0;0.5;1.2;0.0;
1;4;1.500;0.000;-3.600;;482.3;0.0;0.9;482.3;0.6;1.2;0.0;
1;5;2.000;0.000;-3.600;;481.7;0.0;0.9;481.7;0.6;1.1;0.0;
1;6;2.500;0.000;-3.600;;481.2;0.0;0.9;481.2;0.7;1.0;0.0;
1;7;3.000;0.000;-3.600;;480.7;0.0;0.9;480.7;0.6;0.8;0.0;
1;8;3.500;0.000;-3.600;;480.3;0.0;0.9;480.3;0.6;0.8;0.0;
1;9;4.000;0.000;-3.600;;479.9;0.0;0.9;479.9;0.6;0.8;0.0;
1;10;4.500;0.000;-3.600;;479.5;0.0;0.9;479.5;0.7;0.7;0.0;
1;11;5.000;0.000;-3.600;;479.2;0.0;0.9;479.2;0.7;0.6;0.0;
1;12;5.500;0.000;-3.600;;478.9;0.0;0.9;478.9;0.7;0.5;0.0;
1;13;6.000;0.000;-3.600;;478.7;0.0;0.9;478.7;0.6;0.3;0.0;
1;14;6.500;0.000;-3.600;;478.6;0.0;0.9;478.6;0.7;0.2;0.0;
1;15;7.000;0.000;-3.600;;478.5;0.0;0.9;478.5;0.7;0.1;0.0;
1;16;7.500;0.000;-3.600;;478.4;0.0;0.9;478.4;0.6;0.0;0.0;
1;17;8.000;0.000;-3.600;;478.4;0.0;0.9;478.4;0.6;-0.1;0.0;
1;18;8.500;0.000;-3.600;;478.5;0.0;0.9;478.5;0.7;-0.2;0.0;
1;19;9.000;0.000;-3.600;;478.6;0.0;0.9;478.6;0.6;-0.3;0.0;
1;20;9.500;0.000;-3.600;;478.8;0.0;0.9;478.8;0.7;-0.5;0.0;
1;21;10.000;0.000;-3.600;;479.1;0.0;0.9;479.1;0.6;-0.6;0.0;
1;22;10.500;0.000;-3.600;;479.4;0.0;0.9;479.4;0.6;-0.7;0.0;
1;23;11.000;0.000;-3.600;;479.8;0.0;0.9;479.8;0.6;-0.7;0.0;
1;24;11.500;0.000;-3.600;;480.1;0.0;0.9;480.1;0.6;-0.8;0.0;
1;25;12.000;0.000;-3.600;;480.5;0.0;0.9;480.5;0.6;-0.8;0.0;
1;26;12.500;0.000;-3.600;;481.0;0.0;0.9;481.0;0.6;-1.0;0.0;
1;27;13.000;0.000;-3.600;;481.6;0.0;0.9;481.6;0.6;-1.1;0.0;
1;28;13.500;0.000;-3.600;;482.2;0.0;0.9;482.2;0.6;-1.2;0.0;
1;29;14.000;0.000;-3.600;;482.8;0.0;0.9;482.8;0.5;-1.2;0.0;
1;30;14.500;0.000;-3.600;;483.3;0.0;0.9;483.3;0.5;-1.1;0.0;
1;31;15.000;0.000;-3.600;;483.9;0.1;0.9;483.9;0.5;-1.0;0.0;
1;32;0.000;0.500;-3.600;;484.3;0.0;0.9;484.3;0.5;1.0;0.0;
1;33;0.500;0.500;-3.600;;483.8;0.0;0.9;483.8;0.5;1.1;0.0;
1;34;1.000;0.500;-3.600;;483.2;0.0;0.9;483.2;0.5;1.2;0.0;
1;35;1.500;0.500;-3.600;;482.6;0.0;0.9;482.6;0.5;1.2;0.0;
1;36;2.000;0.500;-3.600;;482.0;0.0;0.9;482.0;0.6;1.1;0.0;
1;37;2.500;0.500;-3.600;;481.5;0.0;0.9;481.5;0.6;1.0;0.0;
1;38;3.000;0.500;-3.600;;481.0;0.0;0.9;481.0;0.6;0.9;0.0;
1;39;3.500;0.500;-3.600;;480.6;0.0;0.9;480.6;0.6;0.8;0.0;
1;40;4.000;0.500;-3.600;;480.2;0.0;0.9;480.2;0.6;0.8;0.0;
1;41;4.500;0.500;-3.600;;479.9;0.0;0.9;479.9;0.6;0.7;0.0;
1;42;5.000;0.500;-3.600;;479.5;0.0;0.9;479.5;0.6;0.6;0.0;
1;43;5.500;0.500;-3.600;;479.2;0.0;0.9;479.2;0.7;0.5;0.0;
1;44;6.000;0.500;-3.600;;479.0;0.0;0.9;479.0;0.6;0.3;0.0;
1;45;6.500;0.500;-3.600;;478.9;0.0;0.9;478.9;0.6;0.2;0.0;
1;46;7.000;0.500;-3.600;;478.8;0.0;0.9;478.8;0.6;0.1;0.0;
1;47;7.500;0.500;-3.600;;478.8;0.0;0.9;478.8;0.6;0.0;0.0;
1;48;8.000;0.500;-3.600;;478.8;0.0;0.9;478.8;0.6;-0.1;0.0;
1;49;8.500;0.500;-3.600;;478.8;0.0;0.9;478.8;0.6;-0.2;0.0;
1;50;9.000;0.500;-3.600;;478.9;0.0;0.9;478.9;0.6;-0.3;0.0;
1;51;9.500;0.500;-3.600;;479.1;0.0;0.9;479.1;0.6;-0.5;0.0;
1;52;10.000;0.500;-3.600;;479.4;0.0;0.9;479.4;0.6;-0.6;0.0;
1;53;10.500;0.500;-3.600;;479.7;0.0;0.9;479.7;0.6;-0.7;0.0;
1;54;11.000;0.500;-3.600;;480.1;0.0;0.9;480.1;0.6;-0.7;0.0;
1;55;11.500;0.500;-3.600;;480.4;0.0;0.9;480.4;0.6;-0.8;0.0;
1;56;12.000;0.500;-3.600;;480.9;0.0;0.9;480.9;0.6;-0.9;0.0;
1;57;12.500;0.500;-3.600;;481.3;0.0;0.9;481.3;0.6;-1.0;0.0;
1;58;13.000;0.500;-3.600;;481.9;0.0;0.9;481.9;0.6;-1.1;0.0;
1;59;13.500;0.500;-3.600;;482.5;0.0;0.9;482.5;0.6;-1.2;0.0;
1;60;14.000;0.500;-3.600;;483.0;0.0;0.9;483.0;0.5;-1.2;0.0;
1;61;14.500;0.500;-3.600;;483.6;0.0;0.9;483.6;0.5;-1.1;0.0;
1;62;15.000;0.500;-3.600;;484.1;0.0;0.9;484.1;0.5;-1.0;0.0;
1;63;0.000;1.000;-3.600;;484.6;0.0;0.9;484.6;0.5;1.1;0.0;
1;64;0.500;1.000;-3.600;;484.0;0.0;0.9;484.0;0.5;1.1;0.0;
1;65;1.000;1.000;-3.600;;483.5;0.0;0.9;483.5;0.5;1.1;0.0;
1;66;1.500;1.000;-3.600;;482.9;0.0;0.9;482.9;0.5;1.2;0.0;
1;67;2.000;1.000;-3.600;;482.3;0.0;0.9;482.3;0.6;1.1;0.0;
1;68;2.500;1.000;-3.600;;481.8;0.0;0.9;481.8;0.6;1.0;0.0;
1;69;3.000;1.000;-3.600;;481.4;0.0;0.9;481.4;0.6;0.9;0.0;
1;70;3.500;1.000;-3.600;;480.9;0.0;0.9;480.9;0.6;0.8;0.0;
1;71;4.000;1.000;-3.600;;480.5;0.0;0.9;480.5;0.6;0.8;0.0;
1;72;4.500;1.000;-3.600;;480.2;0.0;0.9;480.2;0.6;0.7;0.0;
1;73;5.000;1.000;-3.600;;479.9;0.0;0.9;479.8;0.6;0.6;0.0;
1;74;5.500;1.000;-3.600;;479.6;0.0;0.9;479.6;0.6;0.5;0.0;
1;75;6.000;1.000;-3.600;;479.4;0.0;0.9;479.4;0.6;0.4;0.0;
1;76;6.500;1.000;-3.600;;479.2;0.0;0.9;479.2;0.6;0.2;0.0;
1;77;7.000;1.000;-3.600;;479.1;0.0;0.9;479.1;0.6;0.1;0.0;
1;78;7.500;1.000;-3.600;;479.1;0.0;0.9;479.1;0.6;0.0;0.0;
1;79;8.000;1.000;-3.600;;479.1;0.0;0.9;479.1;0.6;-0.1;0.0;
1;80;8.500;1.000;-3.600;;479.1;0.0;0.9;479.1;0.6;-0.2;0.0;
1;81;9.000;1.000;-3.600;;479.2;0.0;0.9;479.2;0.6;-0.3;0.0;
1;82;9.500;1.000;-3.600;;479.4;0.0;0.9;479.4;0.6;-0.4;0.0;
1;83;10.000;1.000;-3.600;;479.7;0.0;0.9;479.7;0.6;-0.6;0.0;
1;84;10.500;1.000;-3.600;;480.0;0.0;0.9;480.0;0.6;-0.7;0.0;
1;85;11.000;1.000;-3.600;;480.4;0.0;0.9;480.4;0.6;-0.7;0.0;
1;86;11.500;1.000;-3.600;;480.7;0.0;0.9;480.7;0.6;-0.8;0.0;
1;87;12.000;1.000;-3.600;;481.2;0.0;0.9;481.2;0.6;-0.9;0.0;
1;88;12.500;1.000;-3.600;;481.6;0.0;0.9;481.6;0.6;-1.0;0.0;
1;89;13.000;1.000;-3.600;;482.2;0.0;0.9;482.2;0.6;-1.1;0.0;
1;90;13.500;1.000;-3.600;;482.7;0.0;0.9;482.7;0.5;-1.1;0.0;
1;91;14.000;1.000;-3.600;;483.3;0.0;0.9;483.3;0.5;-1.1;0.0;
1;92;14.500;1.000;-3.600;;483.9;0.0;0.9;483.9;0.5;-1.1;0.0;
1;93;15.000;1.000;-3.600;;484.4;0.0;0.9;484.4;0.5;-1.1;0.0;
1;94;0.000;1.500;-3.600;;484.8;0.0;0.9;484.8;0.4;1.1;0.0;
1;95;0.500;1.500;-3.600;;484.3;0.0;0.9;484.3;0.5;1.1;0.0;
1;96;1.000;1.500;-3.600;;483.7;0.0;0.9;483.7;0.5;1.1;0.0;
1;98;2.000;1.500;-3.600;;482.6;0.0;0.9;482.6;0.6;1.0;0.0;
1;99;2.500;1.500;-3.600;;482.1;0.0;0.9;482.1;0.6;1.0;0.0;
1;100;3.000;1.500;-3.600;;481.7;0.0;0.9;481.7;0.6;0.9;0.0;
1;101;3.500;1.500;-3.600;;481.2;0.0;0.9;481.2;0.6;0.8;0.0;
1;102;4.000;1.500;-3.600;;480.8;0.0;0.9;480.8;0.6;0.8;0.0;
1;103;4.500;1.500;-3.600;;480.5;0.0;0.9;480.5;0.6;0.7;0.0;
1;104;5.000;1.500;-3.600;;480.2;0.0;0.9;480.2;0.6;0.6;0.0;
1;105;5.500;1.500;-3.600;;479.9;0.0;0.9;479.9;0.6;0.5;0.0;
1;106;6.000;1.500;-3.600;;479.7;0.0;0.9;479.7;0.6;0.4;0.0;
1;107;6.500;1.500;-3.600;;479.5;0.0;0.9;479.5;0.6;0.3;0.0;
1;108;7.000;1.500;-3.600;;479.4;0.0;0.9;479.4;0.6;0.1;0.0;
1;109;7.500;1.500;-3.600;;479.4;0.0;0.9;479.4;0.6;0.0;0.0;
1;110;8.000;1.500;-3.600;;479.4;0.0;0.9;479.4;0.6;-0.1;0.0;
1;111;8.500;1.500;-3.600;;479.4;0.0;0.9;479.4;0.6;-0.2;0.0;
1;112;9.000;1.500;-3.600;;479.5;0.0;0.9;479.5;0.6;-0.3;0.0;
1;113;9.500;1.500;-3.600;;479.7;0.0;0.9;479.7;0.6;-0.4;0.0;
1;114;10.000;1.500;-3.600;;480.0;0.0;0.9;480.0;0.6;-0.6;0.0;
1;115;10.500;1.500;-3.600;;480.3;0.0;0.9;480.3;0.5;-0.7;0.0;
1;116;11.000;1.500;-3.600;;480.6;0.0;0.9;480.6;0.5;-0.7;0.0;
1;117;11.500;1.500;-3.600;;481.0;0.0;0.9;481.0;0.5;-0.8;0.0;
1;118;12.000;1.500;-3.600;;481.5;0.0;0.9;481.5;0.5;-0.9;0.0;
1;119;12.500;1.500;-3.600;;481.9;0.0;0.9;481.9;0.5;-1.0;0.0;
1;120;13.000;1.500;-3.600;;482.5;0.0;0.9;482.5;0.5;-1.1;0.0;
1;121;13.500;1.500;-3.600;;483.0;0.0;0.9;483.0;0.5;-1.1;0.0;
1;122;14.000;1.500;-3.600;;483.6;0.0;0.9;483.6;0.5;-1.1;0.0;
1;123;14.500;1.500;-3.600;;484.1;0.0;0.9;484.1;0.5;-1.1;0.0;
1;124;15.000;1.500;-3.600;;484.7;0.0;0.9;484.7;0.5;-1.1;0.0;
1;125;0.000;2.000;-3.600;;485.0;0.0;0.9;485.0;0.4;1.0;0.0;
1;126;0.500;2.000;-3.600;;484.5;0.0;0.9;484.5;0.4;1.1;0.0;
1;127;1.000;2.000;-3.600;;484.0;0.0;0.9;484.0;0.5;1.1;0.0;
1;128;1.500;2.000;-3.600;;483.4;0.0;0.9;483.4;0.5;1.0;0.0;
1;129;2.000;2.000;-3.600;;482.9;0.0;0.9;482.9;0.5;1.0;0.0;
1;130;2.500;2.000;-3.600;;482.4;0.0;0.9;482.4;0.5;0.9;0.0;
1;131;3.000;2.000;-3.600;;481.9;0.0;0.9;481.9;0.5;0.9;0.0;
1;132;3.500;2.000;-3.600;;481.5;0.0;0.9;481.5;0.5;0.8;0.0;
1;133;4.000;2.000;-3.600;;481.1;0.0;0.9;481.1;0.5;0.8;0.0;
1;134;4.500;2.000;-3.600;;480.8;0.0;0.9;480.8;0.5;0.7;0.0;
1;135;5.000;2.000;-3.600;;480.4;0.0;0.9;480.4;0.5;0.6;0.0;
1;136;5.500;2.000;-3.600;;480.2;0.0;0.9;480.2;0.5;0.5;0.0;
1;137;6.000;2.000;-3.600;;479.9;0.0;0.9;479.9;0.5;0.4;0.0;
1;138;6.500;2.000;-3.600;;479.8;0.0;0.9;479.8;0.5;0.3;0.0;
1;139;7.000;2.000;-3.600;;479.7;0.0;0.9;479.7;0.5;0.2;0.0;
1;140;7.500;2.000;-3.600;;479.6;0.0;0.9;479.6;0.5;0.0;0.0;
1;141;8.000;2.000;-3.600;;479.6;0.0;0.9;479.6;0.5;-0.1;0.0;
1;142;8.500;2.000;-3.600;;479.7;0.0;0.9;479.7;0.5;-0.2;0.0;
1;143;9.000;2.000;-3.600;;479.8;0.0;0.9;479.8;0.5;-0.3;0.0;
1;144;9.500;2.000;-3.600;;480.0;0.0;0.9;480.0;0.5;-0.4;0.0;
1;145;10.000;2.000;-3.600;;480.2;0.0;0.9;480.2;0.5;-0.6;0.0;
1;146;10.500;2.000;-3.600;;480.5;0.0;0.9;480.5;0.5;-0.7;0.0;
1;147;11.000;2.000;-3.600;;480.9;0.0;0.9;480.9;0.5;-0.7;0.0;
1;148;11.500;2.000;-3.600;;481.3;0.0;0.9;481.3;0.5;-0.8;0.0;
1;149;12.000;2.000;-3.600;;481.7;0.0;0.9;481.7;0.5;-0.9;0.0;
1;150;12.500;2.000;-3.600;;482.2;0.0;0.9;482.2;0.5;-1.0;0.0;
1;151;13.000;2.000;-3.600;;482.7;0.0;0.9;482.7;0.5;-1.1;0.0;
1;152;13.500;2.000;-3.600;;483.3;0.0;0.9;483.3;0.5;-1.1;0.0;
1;153;14.000;2.000;-3.600;;483.8;0.0;0.9;483.8;0.5;-1.1;0.0;
1;154;14.500;2.000;-3.600;;484.4;0.0;0.9;484.4;0.5;-1.1;0.0;
1;155;15.000;2.000;-3.600;;484.9;0.0;0.9;484.9;0.5;-1.1;0.0;
1;156;0.000;2.500;-3.600;;485.2;0.0;0.9;485.2;0.4;1.0;0.0;
1;157;0.500;2.500;-3.600;;484.7;0.0;0.9;484.7;0.4;1.0;0.0;
1;158;1.000;2.500;-3.600;;484.2;0.0;0.9;484.2;0.4;1.0;0.0;
1;159;1.500;2.500;-3.600;;483.7;0.0;0.9;483.7;0.5;1.0;0.0;
1;160;2.000;2.500;-3.600;;483.1;0.0;0.9;483.1;0.5;1.0;0.0;
1;161;2.500;2.500;-3.600;;482.7;0.0;0.9;482.7;0.5;0.9;0.0;
1;162;3.000;2.500;-3.600;;482.2;0.0;0.9;482.2;0.5;0.9;0.0;
1;163;3.500;2.500;-3.600;;481.8;0.0;0.9;481.8;0.5;0.8;0.0;
1;164;4.000;2.500;-3.600;;481.4;0.0;0.9;481.4;0.5;0.8;0.0;
1;165;4.500;2.500;-3.600;;481.0;0.0;0.9;481.0;0.5;0.7;0.0;
1;166;5.000;2.500;-3.600;;480.7;0.0;0.9;480.7;0.5;0.6;0.0;
1;167;5.500;2.500;-3.600;;480.4;0.0;0.9;480.4;0.5;0.5;0.0;
1;168;6.000;2.500;-3.600;;480.2;0.0;0.9;480.2;0.5;0.4;0.0;
1;169;6.500;2.500;-3.600;;480.0;0.0;0.9;480.0;0.5;0.3;0.0;
1;170;7.000;2.500;-3.600;;479.9;0.0;0.9;479.9;0.5;0.2;0.0;
1;171;7.500;2.500;-3.600;;479.9;0.0;0.9;479.9;0.5;0.0;0.0;
1;172;8.000;2.500;-3.600;;479.9;0.0;0.9;479.9;0.5;-0.1;0.0;
1;173;8.500;2.500;-3.600;;479.9;0.0;0.9;479.9;0.5;-0.2;0.0;
1;174;9.000;2.500;-3.600;;480.1;0.0;0.9;480.1;0.5;-0.3;0.0;
1;175;9.500;2.500;-3.600;;480.2;0.0;0.9;480.2;0.5;-0.4;0.0;
1;176;10.000;2.500;-3.600;;480.5;0.0;0.9;480.5;0.5;-0.6;0.0;
1;177;10.500;2.500;-3.600;;480.8;0.0;0.9;480.8;0.5;-0.7;0.0;
1;178;11.000;2.500;-3.600;;481.1;0.0;0.9;481.1;0.5;-0.7;0.0;
1;179;11.500;2.500;-3.600;;481.5;0.0;0.9;481.5;0.5;-0.8;0.0;
1;180;12.000;2.500;-3.600;;482.0;0.0;0.9;482.0;0.5;-0.9;0.0;
1;181;12.500;2.500;-3.600;;482.4;0.0;0.9;482.4;0.5;-1.0;0.0;
1;182;13.000;2.500;-3.600;;483.0;0.0;0.9;482.9;0.5;-1.1;0.0;
1;183;13.500;2.500;-3.600;;483.5;0.0;0.9;483.5;0.5;-1.1;0.0;
1;184;14.000;2.500;-3.600;;484.1;0.0;0.9;484.1;0.5;-1.1;0.0;
1;185;14.500;2.500;-3.600;;484.6;0.0;0.9;484.6;0.5;-1.1;0.0;
1;186;15.000;2.500;-3.600;;485.2;0.0;0.9;485.2;0.5;-1.1;0.0;
1;187;0.000;3.000;-3.600;;485.4;0.0;0.9;485.4;0.4;1.0;0.0;
1;188;0.500;3.000;-3.600;;484.9;0.0;0.9;484.9;0.4;1.0;0.0;
1;189;1.000;3.000;-3.600;;484.4;0.0;0.9;484.4;0.4;1.0;0.0;
1;190;1.500;3.000;-3.600;;483.9;0.0;0.9;483.9;0.4;1.0;0.0;
1;191;2.000;3.000;-3.600;;483.4;0.0;0.9;483.4;0.4;1.0;0.0;
1;192;2.500;3.000;-3.600;;482.9;0.0;0.9;482.9;0.5;0.9;0.0;
1;193;3.000;3.000;-3.600;;482.4;0.0;0.9;482.4;0.5;0.9;0.0;
1;194;3.500;3.000;-3.600;;482.0;0.0;0.9;482.0;0.5;0.8;0.0;
1;195;4.000;3.000;-3.600;;481.6;0.0;0.9;481.6;0.5;0.8;0.0;
1;196;4.500;3.000;-3.600;;481.3;0.0;0.9;481.3;0.5;0.7;0.0;
1;197;5.000;3.000;-3.600;;480.9;0.0;0.9;480.9;0.5;0.6;0.0;
1;198;5.500;3.000;-3.600;;480.6;0.0;0.9;480.6;0.4;0.5;0.0;
1;199;6.000;3.000;-3.600;;480.4;0.0;0.9;480.4;0.4;0.4;0.0;
1;200;6.500;3.000;-3.600;;480.3;0.0;0.9;480.3;0.4;0.3;0.0;
1;201;7.000;3.000;-3.600;;480.2;0.0;0.9;480.2;0.4;0.2;0.0;
1;202;7.500;3.000;-3.600;;480.1;0.0;0.9;480.1;0.4;0.1;0.0;
1;203;8.000;3.000;-3.600;;480.1;0.0;0.9;480.1;0.4;-0.1;0.0;
1;204;8.500;3.000;-3.600;;480.2;0.0;0.9;480.2;0.4;-0.2;0.0;
1;205;9.000;3.000;-3.600;;480.3;0.0;0.9;480.3;0.4;-0.3;0.0;
1;206;9.500;3.000;-3.600;;480.5;0.0;0.9;480.5;0.4;-0.4;0.0;
1;207;10.000;3.000;-3.600;;480.7;0.0;0.9;480.7;0.4;-0.6;0.0;
1;208;10.500;3.000;-3.600;;481.0;0.0;0.9;481.0;0.4;-0.7;0.0;
1;209;11.000;3.000;-3.600;;481.4;0.0;0.9;481.4;0.4;-0.7;0.0;
1;210;11.500;3.000;-3.600;;481.7;0.0;0.9;481.7;0.4;-0.8;0.0;
1;211;12.000;3.000;-3.600;;482.2;0.0;0.9;482.2;0.4;-0.9;0.0;
1;212;12.500;3.000;-3.600;;482.6;0.0;0.9;482.6;0.4;-1.0;0.0;
1;213;13.000;3.000;-3.600;;483.2;0.0;0.9;483.2;0.4;-1.1;0.0;
1;214;13.500;3.000;-3.600;;483.7;0.0;0.9;483.7;0.4;-1.1;0.0;
1;215;14.000;3.000;-3.600;;484.3;0.0;0.9;484.3;0.5;-1.1;0.0;
1;216;14.500;3.000;-3.600;;484.9;0.0;0.9;484.9;0.5;-1.1;0.0;
1;217;15.000;3.000;-3.600;;485.4;0.0;0.9;485.4;0.5;-1.1;0.0;
1;218;0.000;3.500;-3.600;;485.6;-0.1;0.9;485.6;0.4;1.0;0.0;
1;219;0.500;3.500;-3.600;;485.1;-0.1;0.9;485.1;0.4;1.0;0.0;
1;220;1.000;3.500;-3.600;;484.6;0.0;0.9;484.6;0.4;1.0;0.0;
1;221;1.500;3.500;-3.600;;484.1;0.0;0.9;484.1;0.4;1.0;0.0;
1;222;2.000;3.500;-3.600;;483.6;0.0;0.9;483.6;0.4;1.0;0.0;
1;223;2.500;3.500;-3.600;;483.1;0.0;0.9;483.1;0.4;0.9;0.0;
1;224;3.000;3.500;-3.600;;482.7;0.0;0.9;482.7;0.4;0.8;0.0;
1;225;3.500;3.500;-3.600;;482.3;0.0;0.9;482.3;0.5;0.8;0.0;
1;226;4.000;3.500;-3.600;;481.9;0.0;0.9;481.9;0.5;0.8;0.0;
1;227;4.500;3.500;-3.600;;481.5;0.0;0.9;481.5;0.4;0.7;0.0;
1;228;5.000;3.500;-3.600;;481.1;0.0;0.9;481.1;0.4;0.6;0.0;
1;229;5.500;3.500;-3.600;;480.8;0.0;0.9;480.8;0.4;0.5;0.0;
1;230;6.000;3.500;-3.600;;480.6;0.0;0.9;480.6;0.4;0.4;0.0;
1;231;6.500;3.500;-3.600;;480.5;0.0;0.9;480.5;0.4;0.3;0.0;
1;232;7.000;3.500;-3.600;;480.4;0.0;0.9;480.4;0.4;0.2;0.0;
1;233;7.500;3.500;-3.600;;480.3;0.0;0.9;480.3;0.4;0.1;0.0;
1;234;8.000;3.500;-3.600;;480.3;0.0;0.9;480.3;0.4;0.0;0.0;
1;235;8.500;3.500;-3.600;;480.4;0.0;0.9;480.4;0.4;-0.1;0.0;
1;236;9.000;3.500;-3.600;;480.5;0.0;0.9;480.5;0.4;-0.3;0.0;
1;237;9.500;3.500;-3.600;;480.6;0.0;0.9;480.6;0.4;-0.4;0.0;
1;238;10.000;3.500;-3.600;;480.9;0.0;0.9;480.9;0.4;-0.6;0.0;
1;239;10.500;3.500;-3.600;;481.2;0.0;0.9;481.2;0.4;-0.7;0.0;
1;240;11.000;3.500;-3.600;;481.6;0.0;0.9;481.6;0.4;-0.7;0.0;
1;241;11.500;3.500;-3.600;;481.9;0.0;0.9;481.9;0.4;-0.8;0.0;
1;242;12.000;3.500;-3.600;;482.4;0.0;0.9;482.4;0.4;-0.9;0.0;
1;243;12.500;3.500;-3.600;;482.8;0.0;0.9;482.8;0.4;-1.0;0.0;
1;244;13.000;3.500;-3.600;;483.4;0.0;0.9;483.4;0.4;-1.1;0.0;
1;245;13.500;3.500;-3.600;;483.9;0.0;0.9;483.9;0.4;-1.2;0.0;
1;246;14.000;3.500;-3.600;;484.5;0.0;0.9;484.5;0.5;-1.2;0.0;
1;247;14.500;3.500;-3.600;;485.1;0.0;0.9;485.1;0.5;-1.1;0.0;
1;248;15.000;3.500;-3.600;;485.6;0.0;0.9;485.6;0.5;-1.0;0.0;
1;249;0.000;4.000;-3.600;;485.8;-0.1;0.9;485.8;0.4;0.9;0.0;
1;250;0.500;4.000;-3.600;;485.3;-0.1;0.9;485.3;0.4;1.0;0.0;
1;251;1.000;4.000;-3.600;;484.8;-0.1;0.9;484.8;0.4;1.0;0.0;
1;252;1.500;4.000;-3.600;;484.3;0.0;0.9;484.3;0.4;1.0;0.0;
1;253;2.000;4.000;-3.600;;483.8;0.0;0.9;483.8;0.4;1.0;0.0;
1;254;2.500;4.000;-3.600;;483.3;0.0;0.9;483.3;0.4;0.9;0.0;
1;255;3.000;4.000;-3.600;;482.9;0.0;0.9;482.9;0.4;0.7;0.0;
1;256;3.500;4.000;-3.600;;482.5;0.0;0.9;482.5;0.4;0.8;0.0;
1;257;4.000;4.000;-3.600;;482.1;0.0;0.9;482.1;0.4;0.8;0.0;
1;258;4.500;4.000;-3.600;;481.7;0.0;0.9;481.7;0.4;0.7;0.0;
1;259;5.000;4.000;-3.600;;481.4;0.0;0.9;481.4;0.4;0.7;0.0;
1;260;5.500;4.000;-3.600;;481.0;0.0;0.9;481.0;0.4;0.5;0.0;
1;261;6.000;4.000;-3.600;;480.8;0.0;0.9;480.8;0.4;0.3;0.0;
1;262;6.500;4.000;-3.600;;480.7;0.0;0.9;480.7;0.4;0.2;0.0;
1;263;7.000;4.000;-3.600;;480.6;0.0;0.9;480.6;0.4;0.2;0.0;
1;264;7.500;4.000;-3.600;;480.5;0.0;0.9;480.5;0.4;0.1;0.0;
1;265;8.000;4.000;-3.600;;480.5;0.0;0.9;480.5;0.4;0.0;0.0;
1;266;8.500;4.000;-3.600;;480.5;0.0;0.9;480.5;0.4;-0.1;0.0;
1;267;9.000;4.000;-3.600;;480.6;0.0;0.9;480.6;0.4;-0.3;0.0;
1;268;9.500;4.000;-3.600;;480.8;0.0;0.9;480.8;0.3;-0.5;0.0;
1;269;10.000;4.000;-3.600;;481.1;0.0;0.9;481.1;0.4;-0.6;0.0;
1;270;10.500;4.000;-3.600;;481.4;0.0;0.9;481.4;0.4;-0.7;0.0;
1;271;11.000;4.000;-3.600;;481.8;0.0;0.9;481.8;0.4;-0.7;0.0;
1;272;11.500;4.000;-3.600;;482.1;0.0;0.9;482.1;0.4;-0.8;0.0;
1;273;12.000;4.000;-3.600;;482.5;0.0;0.9;482.5;0.4;-0.8;0.0;
1;274;12.500;4.000;-3.600;;483.0;0.0;0.9;483.0;0.3;-1.0;0.0;
1;275;13.000;4.000;-3.600;;483.6;0.0;0.9;483.6;0.4;-1.1;0.0;
1;276;13.500;4.000;-3.600;;484.2;0.0;0.9;484.2;0.4;-1.2;0.0;
1;277;14.000;4.000;-3.600;;484.8;0.0;0.9;484.8;0.5;-1.2;0.0;
1;278;14.500;4.000;-3.600;;485.3;0.0;0.9;485.3;0.5;-1.1;0.0;
1;279;15.000;4.000;-3.600;;485.9;0.1;0.9;485.9;0.5;-1.0;0.0;
Extremes;31;15.000;0.000;-3.600;u_X;483.9;0.1;0.9;483.9;0.5;-1.0;0.0;
1;249;0.000;4.000;-3.600;u_X;485.8;-0.1;0.9;485.8;0.4;0.9;0.0;
1;31;15.000;0.000;-3.600;u_Y;483.9;0.1;0.9;483.9;0.5;-1.0;0.0;
1;249;0.000;4.000;-3.600;u_Y;485.8;-0.1;0.9;485.8;0.4;0.9;0.0;
1;279;15.000;4.000;-3.600;u_Z;485.9;0.1;0.9;485.9;0.5;-1.0;0.0;
1;16;7.500;0.000;-3.600;u_Z;478.4;0.0;0.9;478.4;0.6;0.0;0.0;
1;12;5.500;0.000;-3.600;φ_X;478.9;0.0;0.9;478.9;0.7;0.5;0.0;
1;268;9.500;4.000;-3.600;φ_X;480.8;0.0;0.9;480.8;0.3;-0.5;0.0;
1;4;1.500;0.000;-3.600;φ_Y;482.3;0.0;0.9;482.3;0.6;1.2;0.0;
1;28;13.500;0.000;-3.600;φ_Y;482.2;0.0;0.9;482.2;0.6;-1.2;0.0;
1;249;0.000;4.000;-3.600;φ_Z;485.8;-0.1;0.9;485.8;0.4;0.9;0.0;
1;279;15.000;4.000;-3.600;φ_Z;485.9;0.1;0.9;485.9;0.5;-1.0;0.0;
Total;;;;;;485.9;0.1;0.9;485.9;0.7;1.2;0.0;
1;;;;;;478.4;-0.1;0.9;478.4;0.3;-1.2;0.0;
;;;;;;;;;;;;;
;Total max/min values with corresponding values;;;;;;;;;;;;
1;31;15.000;0.000;-3.600;u_X;483.9;0.1;0.9;483.9;0.5;-1.0;0.0;
1;249;0.000;4.000;-3.600;u_X;485.8;-0.1;0.9;485.8;0.4;0.9;0.0;
1;31;15.000;0.000;-3.600;u_Y;483.9;0.1;0.9;483.9;0.5;-1.0;0.0;
1;249;0.000;4.000;-3.600;u_Y;485.8;-0.1;0.9;485.8;0.4;0.9;0.0;
1;279;15.000;4.000;-3.600;u_Z;485.9;0.1;0.9;485.9;0.5;-1.0;0.0;
1;16;7.500;0.000;-3.600;u_Z;478.4;0.0;0.9;478.4;0.6;0.0;0.0;
1;12;5.500;0.000;-3.600;φ_X;478.9;0.0;0.9;478.9;0.7;0.5;0.0;
1;268;9.500;4.000;-3.600;φ_X;480.8;0.0;0.9;480.8;0.3;-0.5;0.0;
1;4;1.500;0.000;-3.600;φ_Y;482.3;0.0;0.9;482.3;0.6;1.2;0.0;
1;28;13.500;0.000;-3.600;φ_Y;482.2;0.0;0.9;482.2;0.6;-1.2;0.0;
1;249;0.000;4.000;-3.600;φ_Z;485.8;-0.1;0.9;485.8;0.4;0.9;0.0;
1;279;15.000;4.000;-3.600;φ_Z;485.9;0.1;0.9;485.9;0.5;-1.0;0.0;
;;;;;;;;;;;;;
Total;;;;;;485.9;0.1;0.9;485.9;0.7;1.2;0.0;
max/min;;;;;;478.4;-0.1;0.9;478.4;0.3;-1.2;0.0;
