Surface No.;Grid;Grid Point Coordinates [m];;;;Moments [kNm/m];;;;;;Axial Forces [kN/m];;;
;Point No.;X;Y;Z;;m_x,D+;m_y,D+;m_c,D+;m_x,D-;m_y,D-;m_c,D-;n_x,D;n_y,D;n_c,D;Surface Comment
1;1;0.000;0.000;-3.600;;122.564;12.967;-25.845;0.000;1.479;-111.165;762.292;343.323;-336.695;
1;2;0.500;0.000;-3.600;;66.597;10.111;-17.894;0.000;0.224;-59.038;420.898;63.003;-88.863;
1;3;1.000;0.000;-3.600;;30.180;13.422;-22.758;0.000;4.845;-25.688;226.274;4.467;-8.174;
1;4;1.500;0.000;-3.600;;1.312;10.749;-25.117;23.805;14.368;-25.117;143.361;18.332;-28.313;
1;5;2.000;0.000;-3.600;;0.000;6.671;-54.017;64.401;12.546;-29.600;57.841;1.036;-7.133;
1;6;2.500;0.000;-3.600;;0.000;2.695;-116.634;124.480;6.386;-16.928;-3.366;0.000;-12.911;
1;7;3.000;0.000;-3.600;;11.099;-17.200;-135.062;134.077;71.024;-63.938;129.176;49.645;-94.329;
1;8;3.500;0.000;-3.600;;0.000;2.133;-10.799;12.691;0.997;-5.022;153.011;18.807;-28.495;
1;9;4.000;0.000;-3.600;;0.000;2.037;-28.492;30.002;0.000;-3.548;98.365;0.039;-0.240;
1;10;4.500;0.000;-3.600;;0.000;0.630;-41.873;45.115;3.217;-7.090;80.427;0.000;-1.274;
1;11;5.000;0.000;-3.600;;0.000;3.554;-59.729;64.173;1.679;-9.678;68.539;0.000;-0.960;
1;12;5.500;0.000;-3.600;;0.000;1.366;-100.283;100.310;0.000;-1.392;58.099;0.000;-8.408;
1;13;6.000;0.000;-3.600;;0.000;-34.771;-121.919;135.357;54.873;-33.540;107.681;31.485;-37.562;
1;14;6.500;0.000;-3.600;;0.000;-0.670;-62.641;63.643;1.706;-2.037;116.565;7.762;-13.275;
1;15;7.000;0.000;-3.600;;0.000;2.592;-57.815;59.869;0.000;-4.645;93.990;0.000;-0.398;
1;16;7.500;0.000;-3.600;;0.000;0.330;-57.291;57.954;0.349;-1.343;90.250;0.000;-1.260;
1;17;8.000;0.000;-3.600;;0.000;2.627;-59.985;60.243;0.000;-2.885;93.401;0.000;-0.426;
1;18;8.500;0.000;-3.600;;0.000;-0.530;-68.036;68.613;1.117;-1.165;113.722;6.522;-11.841;
1;19;9.000;0.000;-3.600;;0.000;-35.214;-126.131;139.505;54.027;-32.186;108.332;30.025;-31.572;
1;20;9.500;0.000;-3.600;;0.000;1.156;-104.195;105.344;0.019;-2.324;63.549;0.000;-6.475;
1;21;10.000;0.000;-3.600;;0.000;3.616;-66.333;71.645;2.727;-11.655;72.675;0.000;-0.858;
1;22;10.500;0.000;-3.600;;0.000;0.645;-49.394;53.277;3.974;-8.502;82.914;0.000;-1.254;
1;23;11.000;0.000;-3.600;;0.000;2.158;-36.152;38.234;0.198;-4.438;99.634;0.366;-0.513;
1;24;11.500;0.000;-3.600;;0.000;1.156;-16.256;18.660;2.366;-5.926;154.365;19.436;-29.309;
1;25;12.000;0.000;-3.600;;10.710;-16.027;-136.195;137.053;74.724;-70.266;132.044;54.449;-96.928;
1;26;12.500;0.000;-3.600;;0.000;2.807;-112.171;116.064;1.377;-8.076;23.339;3.452;-25.717;
1;27;13.000;0.000;-3.600;;0.000;6.443;-44.288;52.954;10.093;-25.202;61.304;0.000;-2.814;
1;28;13.500;0.000;-3.600;;1.226;8.283;-16.894;15.667;8.611;-16.894;106.850;0.000;-3.361;
1;29;14.000;0.000;-3.600;;27.126;10.229;-16.431;0.000;1.556;-22.480;179.317;5.200;-5.908;
1;30;14.500;0.000;-3.600;;63.553;2.762;-5.526;0.000;0.126;-60.915;369.701;72.507;-99.835;
1;31;15.000;0.000;-3.600;;133.641;24.593;-51.394;0.000;7.222;-114.062;689.940;309.006;-303.913;
1;32;0.000;0.500;-3.600;;61.359;13.049;-3.099;0.000;-11.459;-59.850;35.260;52.467;-91.195;
1;33;0.500;0.500;-3.600;;55.673;19.405;-26.076;0.000;-2.380;-46.622;142.186;95.423;-125.867;
1;34;1.000;0.500;-3.600;;37.852;23.976;-38.732;0.880;14.756;-38.732;179.166;51.382;-119.553;
1;35;1.500;0.500;-3.600;;3.596;21.355;-38.252;34.655;16.896;-38.252;161.015;60.120;-119.206;
1;36;2.000;0.500;-3.600;;0.000;10.056;-59.966;72.385;19.745;-42.220;120.378;62.709;-73.212;
1;37;2.500;0.500;-3.600;;0.000;-2.409;-86.756;97.902;17.673;-26.410;106.923;16.067;-46.644;
1;38;3.000;0.500;-3.600;;0.000;-1.362;-82.113;91.661;24.942;-33.130;98.042;28.706;-38.042;
1;39;3.500;0.500;-3.600;;0.000;6.089;-24.074;25.061;0.000;-7.076;104.791;31.971;-43.135;
1;40;4.000;0.500;-3.600;;0.000;4.600;-30.931;31.035;0.000;-4.705;105.031;21.197;-32.107;
1;41;4.500;0.500;-3.600;;0.000;4.736;-42.833;45.637;0.000;-7.540;92.978;12.097;-19.464;
1;42;5.000;0.500;-3.600;;0.000;3.596;-59.435;63.259;0.800;-8.219;86.837;8.397;-15.314;
1;43;5.500;0.500;-3.600;;0.000;-1.466;-84.110;85.699;3.117;-3.239;86.768;5.791;-12.871;
1;44;6.000;0.500;-3.600;;0.000;-8.659;-97.877;106.124;18.672;-18.259;88.876;15.107;-12.283;
1;45;6.500;0.500;-3.600;;0.000;1.989;-65.723;69.944;2.861;-9.071;96.673;13.709;-16.101;
1;46;7.000;0.500;-3.600;;0.000;3.949;-59.447;62.363;0.000;-6.865;97.955;7.565;-9.046;
1;47;7.500;0.500;-3.600;;0.000;4.337;-58.354;58.648;0.000;-4.630;93.075;2.324;-0.171;
1;48;8.000;0.500;-3.600;;0.000;3.718;-61.367;61.637;0.000;-3.989;97.809;7.088;-8.394;
1;49;8.500;0.500;-3.600;;0.000;1.382;-69.589;71.683;0.845;-4.321;97.189;12.865;-15.163;
1;50;9.000;0.500;-3.600;;0.000;-9.312;-102.238;107.704;15.553;-11.707;90.007;15.227;-10.953;
1;51;9.500;0.500;-3.600;;0.000;-1.222;-89.467;92.950;5.000;-7.261;87.987;5.023;-10.207;
1;52;10.000;0.500;-3.600;;0.000;4.074;-66.513;71.831;2.274;-11.667;88.648;7.225;-12.806;
1;53;10.500;0.500;-3.600;;0.000;5.302;-50.878;55.398;0.218;-10.039;94.234;10.759;-17.144;
1;54;11.000;0.500;-3.600;;0.000;5.155;-39.135;39.480;0.000;-5.499;105.187;19.815;-29.661;
1;55;11.500;0.500;-3.600;;0.000;6.378;-31.248;32.365;0.000;-7.495;102.863;31.252;-40.927;
1;56;12.000;0.500;-3.600;;0.000;0.380;-87.005;99.438;25.930;-38.743;91.326;28.932;-37.822;
1;57;12.500;0.500;-3.600;;0.000;-2.141;-81.866;87.528;8.724;-12.245;93.374;21.476;-49.668;
1;58;13.000;0.500;-3.600;;0.000;8.512;-45.007;53.623;7.330;-24.458;97.277;31.518;-57.556;
1;59;13.500;0.500;-3.600;;3.514;19.046;-27.156;23.642;8.110;-27.156;119.577;44.335;-72.770;
1;60;14.000;0.500;-3.600;;27.126;14.604;-20.065;0.000;1.316;-22.981;153.689;70.744;-112.223;
1;61;14.500;0.500;-3.600;;42.729;9.302;-3.797;0.000;-7.315;-40.919;138.974;93.894;-138.592;
1;62;15.000;0.500;-3.600;;72.434;27.979;-26.676;0.000;-11.631;-62.106;47.174;49.889;-105.094;
1;63;0.000;1.000;-3.600;;29.299;15.469;-9.820;0.000;-9.571;-25.378;-28.507;0.000;-30.672;
1;64;0.500;1.000;-3.600;;38.355;23.299;-24.650;0.000;-5.138;-31.866;12.618;79.174;-67.920;
1;65;1.000;1.000;-3.600;;33.704;31.966;-35.077;1.373;3.111;-35.077;24.691;34.051;-67.592;
1;66;1.500;1.000;-3.600;;0.000;21.211;-37.868;40.308;13.852;-37.503;127.286;39.518;-79.815;
1;67;2.000;1.000;-3.600;;0.000;11.692;-57.259;65.900;32.754;-53.087;207.261;121.498;-125.475;
1;68;2.500;1.000;-3.600;;0.000;5.587;-59.891;69.047;8.094;-22.838;135.132;38.984;-80.598;
1;69;3.000;1.000;-3.600;;0.000;6.653;-56.337;58.416;1.624;-10.355;86.878;24.934;-29.566;
1;70;3.500;1.000;-3.600;;0.000;10.409;-33.760;34.431;0.000;-11.081;88.317;31.788;-30.591;
1;71;4.000;1.000;-3.600;;0.000;9.085;-34.310;34.310;0.000;-9.085;90.292;23.162;-27.379;
1;72;4.500;1.000;-3.600;;0.000;9.134;-43.774;44.385;0.000;-9.745;91.379;15.794;-21.087;
1;73;5.000;1.000;-3.600;;0.000;8.420;-58.861;60.296;0.000;-9.856;90.414;9.572;-14.372;
1;74;5.500;1.000;-3.600;;0.000;6.754;-75.581;75.657;0.000;-6.831;88.300;4.899;-7.199;
1;75;6.000;1.000;-3.600;;0.000;5.387;-84.729;88.682;1.813;-11.153;86.263;9.010;-2.319;
1;76;6.500;1.000;-3.600;;0.000;8.314;-68.915;72.056;0.000;-11.455;90.398;12.801;-7.105;
1;77;7.000;1.000;-3.600;;0.000;8.486;-61.950;63.742;0.000;-10.278;91.648;8.017;-4.682;
1;78;7.500;1.000;-3.600;;0.000;8.635;-60.104;60.319;0.000;-8.850;91.078;4.903;-0.217;
1;79;8.000;1.000;-3.600;;0.000;8.199;-63.763;63.908;0.000;-8.344;92.488;8.014;-5.153;
1;80;8.500;1.000;-3.600;;0.000;7.775;-72.360;72.942;0.000;-8.358;91.882;12.741;-7.829;
1;81;9.000;1.000;-3.600;;0.000;4.957;-89.667;91.356;0.363;-7.010;87.952;9.658;-2.820;
1;82;9.500;1.000;-3.600;;0.000;6.921;-81.789;83.461;0.000;-8.593;89.493;4.962;-5.937;
1;83;10.000;1.000;-3.600;;0.000;8.928;-66.422;70.168;0.000;-12.674;91.671;8.484;-12.233;
1;84;10.500;1.000;-3.600;;0.000;9.826;-52.452;54.131;0.000;-11.505;92.529;13.749;-18.014;
1;85;11.000;1.000;-3.600;;0.000;9.830;-43.525;43.580;0.000;-9.884;90.344;20.050;-22.687;
1;86;11.500;1.000;-3.600;;0.000;11.213;-42.932;43.729;0.000;-12.011;85.464;27.727;-23.000;
1;87;12.000;1.000;-3.600;;0.000;8.686;-65.724;70.576;3.076;-16.615;78.258;16.997;-14.163;
1;88;12.500;1.000;-3.600;;0.000;7.909;-63.116;65.608;0.000;-10.401;86.220;18.088;-36.090;
1;89;13.000;1.000;-3.600;;0.000;12.362;-40.648;48.372;1.681;-21.766;89.529;35.365;-55.247;
1;90;13.500;1.000;-3.600;;0.000;20.503;-21.873;21.979;1.263;-21.872;87.790;52.127;-72.405;
1;91;14.000;1.000;-3.600;;18.239;16.378;-14.527;0.000;-4.307;-15.782;72.920;63.639;-80.881;
1;92;14.500;1.000;-3.600;;24.714;10.327;-0.813;0.000;-9.914;-24.314;42.038;59.734;-62.482;
1;93;15.000;1.000;-3.600;;31.640;18.235;-12.008;0.000;-10.825;-27.042;-19.956;0.000;-37.482;
1;94;0.000;1.500;-3.600;;22.007;17.959;-13.958;0.000;-7.739;-18.269;-3.138;0.000;-45.946;
1;95;0.500;1.500;-3.600;;21.660;24.259;-19.239;-5.720;0.000;-20.960;21.902;52.160;-57.547;
1;96;1.000;1.500;-3.600;;13.183;25.714;-18.799;1.632;0.000;-21.730;19.853;84.447;-52.009;
1;98;2.000;1.500;-3.600;;0.745;25.441;-23.286;20.724;0.000;-23.623;0.000;13.965;-30.489;
1;99;2.500;1.500;-3.600;;0.000;15.218;-38.781;41.189;0.000;-17.626;47.607;31.315;-43.068;
1;100;3.000;1.500;-3.600;;0.000;14.929;-44.938;45.084;0.000;-15.075;82.016;30.640;-36.833;
1;101;3.500;1.500;-3.600;;0.000;14.594;-35.390;35.455;0.000;-14.659;75.149;24.780;-18.555;
1;102;4.000;1.500;-3.600;;0.000;13.203;-36.813;36.844;0.000;-13.234;80.829;20.957;-16.274;
1;103;4.500;1.500;-3.600;;0.000;13.329;-44.705;44.718;0.000;-13.342;84.925;14.016;-12.369;
1;104;5.000;1.500;-3.600;;0.000;14.046;-57.327;57.380;0.000;-14.100;87.474;8.739;-8.452;
1;105;5.500;1.500;-3.600;;0.000;14.452;-70.041;70.056;0.000;-14.468;87.627;6.305;-3.784;
1;106;6.000;1.500;-3.600;;0.000;13.708;-76.212;76.949;0.000;-14.445;87.381;8.308;-1.068;
1;107;6.500;1.500;-3.600;;0.000;14.001;-68.644;69.522;0.000;-14.879;88.918;9.783;-2.120;
1;108;7.000;1.500;-3.600;;0.000;13.023;-63.660;64.382;0.000;-13.744;89.967;8.524;-1.414;
1;109;7.500;1.500;-3.600;;0.000;12.606;-62.128;62.296;0.000;-12.774;90.416;7.325;-0.802;
1;110;8.000;1.500;-3.600;;0.000;12.814;-65.508;65.509;0.000;-12.816;91.291;9.043;-3.005;
1;111;8.500;1.500;-3.600;;0.000;13.634;-72.228;72.255;0.000;-13.662;90.691;10.335;-3.759;
1;112;9.000;1.500;-3.600;;0.000;13.287;-81.420;81.474;0.000;-13.340;89.157;8.994;-2.197;
1;113;9.500;1.500;-3.600;;0.000;14.335;-76.544;76.915;0.000;-14.705;89.253;6.478;-3.682;
1;114;10.000;1.500;-3.600;;0.000;14.262;-65.294;66.098;0.000;-15.066;89.375;8.101;-7.547;
1;115;10.500;1.500;-3.600;;0.000;13.830;-54.131;54.541;0.000;-14.241;87.314;12.177;-10.520;
1;116;11.000;1.500;-3.600;;0.000;13.908;-47.435;47.444;0.000;-13.917;83.651;17.504;-12.602;
1;117;11.500;1.500;-3.600;;0.000;15.492;-46.800;46.895;0.000;-15.588;78.180;19.180;-11.294;
1;118;12.000;1.500;-3.600;;0.000;16.033;-55.887;56.213;0.000;-16.359;74.356;15.727;-10.461;
1;119;12.500;1.500;-3.600;;0.000;16.744;-52.231;52.531;0.000;-17.045;71.414;18.411;-20.042;
1;120;13.000;1.500;-3.600;;0.000;16.700;-34.763;35.968;0.000;-17.905;65.769;29.157;-31.600;
1;121;13.500;1.500;-3.600;;0.000;16.410;-14.968;14.668;0.000;-16.110;52.827;41.318;-38.897;
1;122;14.000;1.500;-3.600;;9.340;15.016;-6.753;-4.984;0.000;-12.619;34.688;45.875;-39.239;
1;123;14.500;1.500;-3.600;;15.536;12.011;-0.524;0.000;-11.745;-15.279;11.399;19.872;-20.980;
1;124;15.000;1.500;-3.600;;17.153;14.771;-3.551;0.000;-12.791;-15.583;-14.094;0.000;-45.088;
1;125;0.000;2.000;-3.600;;19.867;20.234;-15.470;-7.346;0.000;-17.286;1.270;0.000;-45.796;
1;126;0.500;2.000;-3.600;;15.198;20.256;-14.843;-3.486;0.000;-17.126;34.162;27.787;-28.945;
1;127;1.000;2.000;-3.600;;4.886;12.394;-10.310;3.940;0.000;-10.910;85.983;116.484;-61.392;
1;128;1.500;2.000;-3.600;;0.000;6.676;-18.978;22.150;7.260;-17.108;52.191;3.941;-11.347;
1;129;2.000;2.000;-3.600;;0.000;19.758;-22.733;22.901;0.000;-19.926;30.449;0.000;-18.449;
1;130;2.500;2.000;-3.600;;0.000;21.873;-34.380;34.931;0.000;-22.424;37.912;16.922;-5.277;
1;131;3.000;2.000;-3.600;;0.000;19.051;-38.139;38.300;0.000;-19.212;52.278;14.387;-4.864;
1;132;3.500;2.000;-3.600;;0.000;17.158;-33.502;33.510;0.000;-17.166;64.756;16.856;-1.600;
1;133;4.000;2.000;-3.600;;0.000;15.606;-36.534;36.580;0.000;-15.651;72.932;14.004;-0.970;
1;134;4.500;2.000;-3.600;;0.000;15.850;-44.773;44.930;0.000;-16.008;79.798;9.326;-0.888;
1;135;5.000;2.000;-3.600;;0.000;17.078;-56.778;56.965;0.000;-17.265;84.742;6.012;-0.862;
1;136;5.500;2.000;-3.600;;0.000;17.901;-68.130;68.325;0.000;-18.096;87.511;5.891;-0.641;
1;137;6.000;2.000;-3.600;;0.000;17.183;-73.037;73.231;0.000;-17.377;88.700;8.074;-0.027;
1;138;6.500;2.000;-3.600;;0.000;16.797;-67.975;68.169;0.000;-16.991;89.904;9.095;-0.725;
1;139;7.000;2.000;-3.600;;0.000;15.371;-64.184;64.404;0.000;-15.591;91.207;8.919;-1.145;
1;140;7.500;2.000;-3.600;;0.000;14.751;-63.115;63.284;0.000;-14.921;91.900;8.478;-1.318;
1;141;8.000;2.000;-3.600;;0.000;15.271;-66.300;66.404;0.000;-15.375;91.782;8.722;-1.398;
1;142;8.500;2.000;-3.600;;0.000;16.533;-71.950;72.025;0.000;-16.608;91.110;9.138;-1.527;
1;143;9.000;2.000;-3.600;;0.000;16.704;-78.416;78.481;0.000;-16.769;90.476;8.731;-1.546;
1;144;9.500;2.000;-3.600;;0.000;17.427;-74.525;74.589;0.000;-17.491;89.421;6.374;-1.587;
1;145;10.000;2.000;-3.600;;0.000;16.760;-64.805;64.871;0.000;-16.826;87.327;6.181;-1.777;
1;146;10.500;2.000;-3.600;;0.000;15.885;-54.892;54.932;0.000;-15.925;83.628;8.743;-1.843;
1;147;11.000;2.000;-3.600;;0.000;16.111;-48.877;48.894;0.000;-16.129;78.854;12.268;-1.848;
1;148;11.500;2.000;-3.600;;0.000;17.979;-47.588;47.600;0.000;-17.990;73.906;13.623;-1.852;
1;149;12.000;2.000;-3.600;;0.000;19.168;-52.535;52.547;0.000;-19.179;69.750;11.592;-1.552;
1;150;12.500;2.000;-3.600;;0.000;19.946;-48.519;48.531;0.000;-19.957;59.857;11.988;-1.336;
1;151;13.000;2.000;-3.600;;0.000;18.587;-32.456;32.464;0.000;-18.594;46.731;16.960;-1.516;
1;152;13.500;2.000;-3.600;;0.000;15.710;-12.849;12.849;0.000;-15.709;29.685;24.999;-1.785;
1;153;14.000;2.000;-3.600;;4.009;13.717;-0.662;-3.670;0.000;-13.394;12.793;25.790;-2.200;
1;154;14.500;2.000;-3.600;;13.563;13.101;-0.968;0.000;-12.599;-13.097;1.272;3.742;-2.609;
1;155;15.000;2.000;-3.600;;14.845;13.268;-0.481;0.000;-13.023;-14.608;-10.020;0.000;-46.792;
1;156;0.000;2.500;-3.600;;23.453;22.575;-19.547;0.000;-5.818;-20.663;-10.958;0.000;-48.931;
1;157;0.500;2.500;-3.600;;18.862;20.784;-18.654;-1.943;0.000;-19.050;8.476;25.070;-7.307;
1;158;1.000;2.500;-3.600;;9.978;16.662;-16.540;6.442;0.000;-16.542;23.914;51.303;-2.884;
1;159;1.500;2.500;-3.600;;0.000;15.541;-18.255;19.665;0.000;-16.951;43.053;12.620;-4.462;
1;160;2.000;2.500;-3.600;;0.000;17.938;-29.506;30.071;0.000;-18.504;62.400;3.530;-10.361;
1;161;2.500;2.500;-3.600;;0.000;20.012;-38.056;38.835;0.000;-20.791;71.133;14.433;-19.106;
1;162;3.000;2.500;-3.600;;0.000;18.602;-36.428;37.817;0.000;-19.992;70.835;23.338;-17.515;
1;163;3.500;2.500;-3.600;;0.000;16.757;-29.459;29.576;0.000;-16.874;77.241;24.638;-15.261;
1;164;4.000;2.500;-3.600;;0.000;15.192;-33.566;33.652;0.000;-15.278;83.843;20.179;-14.335;
1;165;4.500;2.500;-3.600;;0.000;15.609;-43.847;44.730;0.000;-16.492;88.236;13.015;-10.610;
1;166;5.000;2.500;-3.600;;0.000;16.517;-57.654;58.992;0.000;-17.855;90.759;7.876;-6.706;
1;167;5.500;2.500;-3.600;;0.000;16.971;-70.291;70.996;0.000;-17.677;90.969;5.986;-2.387;
1;168;6.000;2.500;-3.600;;0.000;16.270;-74.834;74.856;0.000;-16.292;91.245;9.121;-1.022;
1;169;6.500;2.500;-3.600;;0.000;15.941;-67.887;67.887;0.000;-15.941;93.713;11.143;-3.702;
1;170;7.000;2.500;-3.600;;0.000;14.512;-63.635;63.656;0.000;-14.533;95.187;9.893;-3.710;
1;171;7.500;2.500;-3.600;;0.000;14.004;-62.640;62.853;0.000;-14.218;94.939;7.829;-1.743;
1;172;8.000;2.500;-3.600;;0.000;14.488;-66.236;66.777;0.000;-15.029;93.894;7.749;-0.355;
1;173;8.500;2.500;-3.600;;0.000;15.693;-72.557;73.115;0.000;-16.252;92.998;9.102;-0.939;
1;174;9.000;2.500;-3.600;;0.000;15.682;-80.290;80.585;0.000;-15.977;91.867;8.658;-0.691;
1;175;9.500;2.500;-3.600;;0.000;16.149;-76.060;76.064;0.000;-16.153;91.059;5.218;-0.617;
1;176;10.000;2.500;-3.600;;0.000;15.553;-65.272;65.382;0.000;-15.663;90.882;6.502;-4.146;
1;177;10.500;2.500;-3.600;;0.000;14.956;-54.393;54.429;0.000;-14.992;88.615;10.431;-7.023;
1;178;11.000;2.500;-3.600;;0.000;15.334;-47.816;47.860;0.000;-15.378;84.757;15.733;-9.102;
1;179;11.500;2.500;-3.600;;0.000;17.396;-46.839;47.112;0.000;-17.669;79.076;17.455;-7.816;
1;180;12.000;2.500;-3.600;;0.000;18.336;-54.739;55.217;0.000;-18.813;75.321;14.405;-7.573;
1;181;12.500;2.500;-3.600;;0.000;18.419;-51.840;51.928;0.000;-18.506;72.370;17.309;-17.609;
1;182;13.000;2.500;-3.600;;0.000;17.767;-34.775;35.480;0.000;-18.472;66.314;27.960;-28.917;
1;183;13.500;2.500;-3.600;;0.000;17.101;-15.090;14.780;0.000;-16.791;52.737;40.043;-35.827;
1;184;14.000;2.500;-3.600;;8.811;16.876;-7.370;-4.096;0.000;-14.220;33.696;44.465;-35.515;
1;185;14.500;2.500;-3.600;;15.032;13.918;-0.363;0.000;-13.734;-14.852;9.392;17.838;-16.365;
1;186;15.000;2.500;-3.600;;18.334;17.068;-3.834;0.000;-14.928;-16.641;-14.188;0.000;-46.332;
1;187;0.000;3.000;-3.600;;31.274;24.629;-23.778;0.000;-5.448;-26.677;-21.503;0.000;-42.609;
1;188;0.500;3.000;-3.600;;25.557;22.381;-22.523;0.000;-2.247;-23.167;37.213;60.794;-50.943;
1;189;1.000;3.000;-3.600;;11.801;16.463;-14.351;0.917;0.000;-14.831;63.430;59.271;-52.285;
1;190;1.500;3.000;-3.600;;0.000;11.523;-11.960;12.027;0.000;-11.590;79.367;34.264;-37.699;
1;191;2.000;3.000;-3.600;;0.000;11.201;-28.295;28.591;0.000;-11.497;88.553;16.725;-31.755;
1;192;2.500;3.000;-3.600;;0.000;11.426;-43.897;46.025;0.000;-13.554;90.165;12.512;-25.065;
1;193;3.000;3.000;-3.600;;0.000;15.864;-40.600;46.351;2.822;-24.437;86.428;26.401;-19.469;
1;194;3.500;3.000;-3.600;;0.000;14.367;-22.328;22.674;0.000;-14.714;94.184;33.055;-29.332;
1;195;4.000;3.000;-3.600;;0.000;12.318;-28.208;28.516;0.000;-12.625;97.522;22.447;-25.847;
1;196;4.500;3.000;-3.600;;0.000;12.727;-42.164;45.251;0.000;-15.813;98.766;14.784;-19.405;
1;197;5.000;3.000;-3.600;;0.000;12.346;-59.604;65.283;0.000;-18.025;97.702;8.671;-12.651;
1;198;5.500;3.000;-3.600;;0.000;11.036;-76.827;79.737;0.000;-13.946;95.528;4.729;-5.587;
1;199;6.000;3.000;-3.600;;0.000;10.450;-82.709;82.979;0.000;-10.721;94.492;11.127;-2.960;
1;200;6.500;3.000;-3.600;;0.000;11.794;-67.721;68.054;0.000;-12.127;99.526;14.801;-9.102;
1;201;7.000;3.000;-3.600;;0.000;10.713;-61.840;61.868;0.000;-10.741;101.012;9.357;-6.898;
1;202;7.500;3.000;-3.600;;0.000;10.538;-60.846;61.199;0.000;-10.890;100.158;5.848;-2.029;
1;203;8.000;3.000;-3.600;;0.000;10.692;-65.104;66.841;0.000;-12.430;99.242;6.928;-2.957;
1;204;8.500;3.000;-3.600;;0.000;11.371;-73.599;75.976;0.000;-13.747;98.234;11.930;-5.671;
1;205;9.000;3.000;-3.600;;0.000;9.703;-88.014;89.775;0.000;-11.463;94.795;10.434;-2.577;
1;206;9.500;3.000;-3.600;;0.000;10.168;-81.157;81.476;0.000;-10.487;94.818;4.076;-3.177;
1;207;10.000;3.000;-3.600;;0.000;10.848;-66.355;67.734;0.000;-12.227;96.669;7.141;-9.339;
1;208;10.500;3.000;-3.600;;0.000;11.263;-52.727;53.177;0.000;-11.713;97.171;12.288;-15.087;
1;209;11.000;3.000;-3.600;;0.000;11.878;-44.155;44.219;0.000;-11.942;94.578;18.566;-19.790;
1;210;11.500;3.000;-3.600;;0.000;14.652;-43.583;44.915;0.000;-15.984;89.295;26.312;-20.173;
1;211;12.000;3.000;-3.600;;0.000;13.293;-64.008;69.062;0.958;-19.305;81.927;16.124;-11.899;
1;212;12.500;3.000;-3.600;;0.000;10.938;-62.750;64.062;0.000;-12.250;89.719;17.363;-34.257;
1;213;13.000;3.000;-3.600;;0.000;14.024;-40.799;47.400;0.000;-20.625;92.622;34.637;-53.448;
1;214;13.500;3.000;-3.600;;0.000;20.198;-20.954;21.551;0.000;-20.795;90.284;51.607;-70.698;
1;215;14.000;3.000;-3.600;;16.376;17.924;-13.516;-5.527;0.000;-15.256;74.277;63.351;-79.101;
1;216;14.500;3.000;-3.600;;23.433;13.718;-0.889;0.000;-13.266;-22.997;41.824;59.303;-60.056;
1;217;15.000;3.000;-3.600;;32.210;22.434;-11.268;0.000;-15.605;-27.770;-20.487;0.000;-39.202;
1;218;0.000;3.500;-3.600;;49.553;31.837;-35.000;0.000;-4.782;-41.607;44.640;41.875;-101.780;
1;219;0.500;3.500;-3.600;;36.766;18.985;-23.077;0.000;-2.169;-30.505;137.213;92.730;-131.379;
1;220;1.000;3.500;-3.600;;14.632;10.441;-9.822;0.000;-3.049;-12.202;150.961;65.538;-94.959;
1;221;1.500;3.500;-3.600;;0.000;5.776;-7.730;7.769;0.000;-5.815;120.969;33.394;-49.872;
1;222;2.000;3.500;-3.600;;0.000;5.064;-28.160;28.175;0.000;-5.078;106.088;19.239;-35.860;
1;223;2.500;3.500;-3.600;;0.000;1.653;-56.859;59.418;1.162;-5.374;104.212;14.161;-32.578;
1;224;3.000;3.500;-3.600;;11.456;13.773;-66.421;63.540;21.494;-43.842;104.929;38.054;-32.905;
1;225;3.500;3.500;-3.600;;0.000;11.026;-8.860;8.484;0.000;-10.651;116.539;32.387;-42.633;
1;226;4.000;3.500;-3.600;;0.000;7.537;-22.781;23.800;0.000;-8.556;115.913;20.554;-30.655;
1;227;4.500;3.500;-3.600;;0.000;8.033;-40.154;46.473;1.583;-15.936;103.692;11.253;-18.040;
1;228;5.000;3.500;-3.600;;0.000;7.133;-60.120;67.973;3.695;-18.681;98.001;7.693;-13.920;
1;229;5.500;3.500;-3.600;;0.000;2.836;-86.741;93.335;4.959;-14.389;98.098;5.438;-11.546;
1;230;6.000;3.500;-3.600;;0.000;-1.732;-98.666;104.610;8.514;-12.726;101.328;18.551;-12.877;
1;231;6.500;3.500;-3.600;;0.000;5.832;-64.267;65.890;0.000;-7.455;110.532;15.428;-18.389;
1;232;7.000;3.500;-3.600;;0.000;5.549;-59.026;59.192;0.000;-5.715;111.731;8.684;-10.929;
1;233;7.500;3.500;-3.600;;0.000;5.658;-58.777;59.402;0.000;-6.282;105.997;3.071;-1.635;
1;234;8.000;3.500;-3.600;;0.000;5.620;-62.789;66.521;0.000;-9.352;108.814;6.427;-7.045;
1;235;8.500;3.500;-3.600;;0.000;5.255;-72.096;77.601;1.259;-12.019;107.624;12.304;-13.840;
1;236;9.000;3.500;-3.600;;0.000;-2.713;-103.031;109.930;10.691;-14.877;99.677;15.969;-9.298;
1;237;9.500;3.500;-3.600;;0.000;2.245;-88.751;91.964;1.219;-6.676;97.145;4.241;-8.073;
1;238;10.000;3.500;-3.600;;0.000;5.416;-66.189;70.432;0.000;-9.658;97.515;6.312;-10.818;
1;239;10.500;3.500;-3.600;;0.000;6.132;-50.752;52.445;0.000;-7.825;102.419;9.851;-15.335;
1;240;11.000;3.500;-3.600;;0.000;6.506;-39.568;39.646;0.000;-6.584;112.647;18.872;-27.824;
1;241;11.500;3.500;-3.600;;0.000;10.456;-33.068;35.408;0.000;-12.796;109.675;30.275;-39.053;
1;242;12.000;3.500;-3.600;;0.000;7.426;-88.006;99.960;20.537;-39.917;97.720;28.648;-36.367;
1;243;12.500;3.500;-3.600;;0.000;1.073;-81.609;87.688;6.087;-13.239;99.538;21.034;-48.560;
1;244;13.000;3.500;-3.600;;0.000;9.768;-45.175;53.759;5.839;-24.191;103.219;31.187;-56.669;
1;245;13.500;3.500;-3.600;;1.843;19.374;-25.565;23.723;6.192;-25.565;125.330;44.378;-72.434;
1;246;14.000;3.500;-3.600;;24.292;15.301;-18.037;0.000;-0.957;-20.599;159.382;71.557;-113.004;
1;247;14.500;3.500;-3.600;;39.206;11.052;-1.282;0.000;-10.400;-38.576;143.287;95.449;-140.265;
1;248;15.000;3.500;-3.600;;70.167;34.596;-28.117;0.000;-17.015;-59.631;47.718;49.040;-105.904;
1;249;0.000;4.000;-3.600;;68.710;20.555;-44.894;0.000;12.784;-57.154;672.619;292.331;-290.234;
1;250;0.500;4.000;-3.600;;44.116;6.314;-12.813;0.000;1.181;-38.797;366.817;71.261;-98.848;
1;251;1.000;4.000;-3.600;;13.062;2.078;-1.721;0.000;-1.157;-12.262;184.145;3.672;-5.373;
1;252;1.500;4.000;-3.600;;0.000;1.245;-6.008;6.954;0.195;-2.386;122.644;0.000;-3.254;
1;253;2.000;4.000;-3.600;;0.000;2.888;-28.154;30.737;0.290;-5.760;90.954;0.000;-1.365;
1;254;2.500;4.000;-3.600;;0.000;2.370;-80.582;81.343;0.000;-3.131;65.577;0.000;-14.943;
1;255;3.000;4.000;-3.600;;30.165;-2.470;-107.292;101.063;49.252;-70.717;157.191;68.368;-70.709;
1;256;3.500;4.000;-3.600;;11.271;3.851;-2.955;0.000;-2.151;-10.016;162.200;14.829;-26.857;
1;257;4.000;4.000;-3.600;;0.000;2.177;-18.671;21.559;2.171;-7.236;110.821;0.266;-0.783;
1;258;4.500;4.000;-3.600;;0.000;1.321;-36.960;42.256;6.309;-12.926;94.322;0.000;-1.384;
1;259;5.000;4.000;-3.600;;0.000;3.873;-58.626;66.247;6.615;-18.108;83.388;0.000;-0.944;
1;260;5.500;4.000;-3.600;;0.000;1.471;-101.635;107.606;5.302;-12.745;72.906;0.000;-7.916;
1;261;6.000;4.000;-3.600;;0.000;-29.453;-127.063;140.775;47.179;-31.439;129.100;37.795;-38.892;
1;262;6.500;4.000;-3.600;;0.000;-0.426;-59.067;60.820;2.290;-3.617;135.884;7.996;-14.516;
1;263;7.000;4.000;-3.600;;0.000;2.036;-56.592;56.906;0.000;-2.350;110.922;0.024;-0.507;
1;264;7.500;4.000;-3.600;;0.000;0.447;-57.029;58.400;0.993;-2.811;106.162;0.000;-1.323;
1;265;8.000;4.000;-3.600;;0.000;2.287;-60.453;63.878;1.580;-7.293;108.548;0.000;-0.489;
1;266;8.500;4.000;-3.600;;0.000;-0.183;-69.317;73.077;4.403;-7.980;128.007;6.187;-11.856;
1;267;9.000;4.000;-3.600;;0.000;-30.405;-129.940;142.028;46.010;-27.693;123.500;32.191;-30.455;
1;268;9.500;4.000;-3.600;;0.000;1.138;-101.456;104.359;1.941;-5.983;77.388;0.000;-6.012;
1;269;10.000;4.000;-3.600;;0.000;3.072;-65.328;70.135;2.577;-10.456;85.664;0.000;-0.843;
1;270;10.500;4.000;-3.600;;0.000;0.637;-48.893;51.832;2.708;-6.284;94.869;0.000;-1.279;
1;271;11.000;4.000;-3.600;;0.000;1.437;-35.685;35.880;0.000;-1.632;110.582;0.387;-0.565;
1;272;11.500;4.000;-3.600;;0.000;1.868;-16.623;17.395;0.000;-2.640;163.967;19.136;-29.041;
1;273;12.000;4.000;-3.600;;12.701;-13.986;-138.344;140.405;68.974;-69.749;136.340;58.003;-94.646;
1;274;12.500;4.000;-3.600;;0.000;2.689;-110.082;116.058;4.020;-12.685;32.408;3.251;-25.441;
1;275;13.000;4.000;-3.600;;0.000;6.077;-43.995;52.603;10.345;-25.030;69.873;0.000;-2.825;
1;276;13.500;4.000;-3.600;;0.532;8.098;-16.255;15.722;8.156;-16.255;115.239;0.000;-3.422;
1;277;14.000;4.000;-3.600;;25.364;9.038;-14.880;0.000;1.491;-21.012;188.525;5.352;-6.053;
1;278;14.500;4.000;-3.600;;59.111;0.191;-0.610;0.000;0.116;-58.807;383.245;74.813;-102.692;
1;279;15.000;4.000;-3.600;;125.909;35.398;-59.079;0.000;3.197;-105.424;710.477;315.677;-311.293;
Extremes;31;15.000;0.000;-3.600;m_x,D+;133.641;24.593;-51.394;0.000;7.222;-114.062;689.940;309.006;-303.913;
1;5;2.000;0.000;-3.600;m_x,D+;0.000;6.671;-54.017;64.401;12.546;-29.600;57.841;1.036;-7.133;
1;279;15.000;4.000;-3.600;m_y,D+;125.909;35.398;-59.079;0.000;3.197;-105.424;710.477;315.677;-311.293;
1;19;9.000;0.000;-3.600;m_y,D+;0.000;-35.214;-126.131;139.505;54.027;-32.186;108.332;30.025;-31.572;
1;185;14.500;2.500;-3.600;m_c,D+;15.032;13.918;-0.363;0.000;-13.734;-14.852;9.392;17.838;-16.365;
1;273;12.000;4.000;-3.600;m_c,D+;12.701;-13.986;-138.344;140.405;68.974;-69.749;136.340;58.003;-94.646;
1;267;9.000;4.000;-3.600;m_x,D-;0.000;-30.405;-129.940;142.028;46.010;-27.693;123.500;32.191;-30.455;
1;125;0.000;2.000;-3.600;m_x,D-;19.867;20.234;-15.470;-7.346;0.000;-17.286;1.270;0.000;-45.796;
1;25;12.000;0.000;-3.600;m_y,D-;10.710;-16.027;-136.195;137.053;74.724;-70.266;132.044;54.449;-96.928;
1;248;15.000;3.500;-3.600;m_y,D-;70.167;34.596;-28.117;0.000;-17.015;-59.631;47.718;49.040;-105.904;
1;18;8.500;0.000;-3.600;m_c,D-;0.000;-0.530;-68.036;68.613;1.117;-1.165;113.722;6.522;-11.841;
1;31;15.000;0.000;-3.600;m_c,D-;133.641;24.593;-51.394;0.000;7.222;-114.062;689.940;309.006;-303.913;
1;1;0.000;0.000;-3.600;n_x,D;122.564;12.967;-25.845;0.000;1.479;-111.165;762.292;343.323;-336.695;
1;63;0.000;1.000;-3.600;n_x,D;29.299;15.469;-9.820;0.000;-9.571;-25.378;-28.507;0.000;-30.672;
1;1;0.000;0.000;-3.600;n_y,D;122.564;12.967;-25.845;0.000;1.479;-111.165;762.292;343.323;-336.695;
1;6;2.500;0.000;-3.600;n_y,D;0.000;2.695;-116.634;124.480;6.386;-16.928;-3.366;0.000;-12.911;
1;137;6.000;2.000;-3.600;n_c,D;0.000;17.183;-73.037;73.231;0.000;-17.377;88.700;8.074;-0.027;
1;1;0.000;0.000;-3.600;n_c,D;122.564;12.967;-25.845;0.000;1.479;-111.165;762.292;343.323;-336.695;
Total;;;;;;133.641;35.398;-0.363;142.028;74.724;-1.165;762.292;343.323;-0.027;
1;;;;;;0.000;-35.214;-138.344;-7.346;-17.015;-114.062;-28.507;0.000;-336.695;
;;;;;;;;;;;;;;;
;Total max/min values with corresponding values;;;;;;;;;;;;;;
1;31;15.000;0.000;-3.600;m_x,D+;133.641;24.593;-51.394;0.000;7.222;-114.062;689.940;309.006;-303.913;
1;5;2.000;0.000;-3.600;m_x,D+;0.000;6.671;-54.017;64.401;12.546;-29.600;57.841;1.036;-7.133;
1;279;15.000;4.000;-3.600;m_y,D+;125.909;35.398;-59.079;0.000;3.197;-105.424;710.477;315.677;-311.293;
1;19;9.000;0.000;-3.600;m_y,D+;0.000;-35.214;-126.131;139.505;54.027;-32.186;108.332;30.025;-31.572;
1;185;14.500;2.500;-3.600;m_c,D+;15.032;13.918;-0.363;0.000;-13.734;-14.852;9.392;17.838;-16.365;
1;273;12.000;4.000;-3.600;m_c,D+;12.701;-13.986;-138.344;140.405;68.974;-69.749;136.340;58.003;-94.646;
1;267;9.000;4.000;-3.600;m_x,D-;0.000;-30.405;-129.940;142.028;46.010;-27.693;123.500;32.191;-30.455;
1;125;0.000;2.000;-3.600;m_x,D-;19.867;20.234;-15.470;-7.346;0.000;-17.286;1.270;0.000;-45.796;
1;25;12.000;0.000;-3.600;m_y,D-;10.710;-16.027;-136.195;137.053;74.724;-70.266;132.044;54.449;-96.928;
1;248;15.000;3.500;-3.600;m_y,D-;70.167;34.596;-28.117;0.000;-17.015;-59.631;47.718;49.040;-105.904;
1;18;8.500;0.000;-3.600;m_c,D-;0.000;-0.530;-68.036;68.613;1.117;-1.165;113.722;6.522;-11.841;
1;31;15.000;0.000;-3.600;m_c,D-;133.641;24.593;-51.394;0.000;7.222;-114.062;689.940;309.006;-303.913;
1;1;0.000;0.000;-3.600;n_x,D;122.564;12.967;-25.845;0.000;1.479;-111.165;762.292;343.323;-336.695;
1;63;0.000;1.000;-3.600;n_x,D;29.299;15.469;-9.820;0.000;-9.571;-25.378;-28.507;0.000;-30.672;
1;1;0.000;0.000;-3.600;n_y,D;122.564;12.967;-25.845;0.000;1.479;-111.165;762.292;343.323;-336.695;
1;6;2.500;0.000;-3.600;n_y,D;0.000;2.695;-116.634;124.480;6.386;-16.928;-3.366;0.000;-12.911;
1;137;6.000;2.000;-3.600;n_c,D;0.000;17.183;-73.037;73.231;0.000;-17.377;88.700;8.074;-0.027;
1;1;0.000;0.000;-3.600;n_c,D;122.564;12.967;-25.845;0.000;1.479;-111.165;762.292;343.323;-336.695;
;;;;;;;;;;;;;;;
Total;;;;;;133.641;35.398;-0.363;142.028;74.724;-1.165;762.292;343.323;-0.027;
max/min;;;;;;0.000;-35.214;-138.344;-7.346;-17.015;-114.062;-28.507;0.000;-336.695;
