Mode No.;Member;Node;Location;Normalized Displacements [--];;;Normalized Rotations [--];;;
;No.;No.;x [m];u_X;u_Y;u_Z;φ_X;φ_Y;φ_Z;Member Comment
1;1;1;0.000;0.00000;0.00000;-0.15700;0.00000;0.00000;0.00000;concrete column
1;1;2;3.600;0.04726;-0.00547;-0.15708;-0.00301;-0.02381;0.00015;concrete column
1;2;2;0.000;0.04726;-0.00547;-0.15708;-0.00301;-0.02381;0.00015;steel column
1;2;3;4.000;0.84652;-0.09503;-0.15728;-0.02316;-0.05936;0.00528;steel column
1;3;4;0.000;0.00000;0.00000;-0.08974;0.00000;0.00000;0.00000;concrete column
1;3;5;3.600;0.04722;-0.00507;-0.08978;-0.00237;-0.02142;0.00011;concrete column
1;4;5;0.000;0.04722;-0.00507;-0.08978;-0.00237;-0.02142;0.00011;steel column
1;4;6;4.000;0.17637;0.00710;-0.08981;0.00329;-0.03813;-0.15927;steel column
1;5;7;0.000;0.00000;0.00000;-0.02649;0.00000;0.00000;0.00000;concrete column
1;5;8;3.600;0.04720;-0.00470;-0.02651;-0.00207;-0.02068;0.00010;concrete column
1;6;8;0.000;0.04720;-0.00470;-0.02651;-0.00207;-0.02068;0.00010;steel column
1;6;9;4.000;0.20108;-0.01356;-0.02650;-0.00220;-0.04791;-0.00004;steel column
1;7;10;0.000;0.00000;0.00000;0.03524;0.00000;0.00000;0.00000;concrete column
1;7;11;3.600;0.04719;-0.00434;0.03526;-0.00189;-0.02062;0.00010;concrete column
1;8;11;0.000;0.04719;-0.00434;0.03526;-0.00189;-0.02062;0.00010;steel column
1;8;12;4.000;0.20063;-0.01264;0.03526;-0.00208;-0.04777;0.00003;steel column
1;9;13;0.000;0.00000;0.00000;0.09820;0.00000;0.00000;0.00000;concrete column
1;9;14;3.600;0.04719;-0.00399;0.09825;-0.00174;-0.02135;0.00010;concrete column
1;10;14;0.000;0.04719;-0.00399;0.09825;-0.00174;-0.02135;0.00010;steel column
1;10;15;4.000;0.20612;-0.01189;0.09825;-0.00201;-0.04948;0.00010;steel column
1;11;16;0.000;0.00000;0.00000;0.16538;0.00000;0.00000;0.00000;concrete column
1;11;17;3.600;0.04721;-0.00365;0.16546;-0.00173;-0.02359;0.00013;concrete column
1;12;17;0.000;0.04721;-0.00365;0.16546;-0.00173;-0.02359;0.00013;steel column
1;12;18;4.000;0.84663;-0.01953;0.16578;-0.00443;-0.06119;0.00372;steel column
1;13;19;0.000;0.00000;0.00000;-0.16882;0.00000;0.00000;0.00000;concrete column
1;13;20;3.600;0.04676;-0.00546;-0.16890;-0.00300;-0.02432;0.00008;concrete column
1;14;20;0.000;0.04676;-0.00546;-0.16890;-0.00300;-0.02432;0.00008;steel column
1;14;21;4.000;0.98098;-0.09482;-0.16940;-0.02157;-0.06825;0.00423;steel column
1;15;22;0.000;0.00000;0.00000;-0.09904;0.00000;0.00000;0.00000;concrete column
1;15;23;3.600;0.04674;-0.00507;-0.09909;-0.00219;-0.02223;0.00011;concrete column
1;16;23;0.000;0.04674;-0.00507;-0.09909;-0.00219;-0.02223;0.00011;steel column
1;16;24;4.000;0.70737;0.00724;-0.09902;0.00012;-0.23387;-0.07426;steel column
1;17;25;0.000;0.00000;0.00000;-0.03466;0.00000;0.00000;0.00000;concrete column
1;17;26;3.600;0.04672;-0.00470;-0.03468;-0.00201;-0.02077;0.00013;concrete column
1;18;26;0.000;0.04672;-0.00470;-0.03468;-0.00201;-0.02077;0.00013;steel column
1;18;27;4.000;0.20125;-0.01355;-0.03468;-0.00222;-0.04810;-0.00004;steel column
1;19;28;0.000;0.00000;0.00000;0.02758;0.00000;0.00000;0.00000;concrete column
1;19;29;3.600;0.04672;-0.00434;0.02760;-0.00193;-0.02067;0.00013;concrete column
1;20;29;0.000;0.04672;-0.00434;0.02760;-0.00193;-0.02067;0.00013;steel column
1;20;30;4.000;0.20050;-0.01264;0.02759;-0.00206;-0.04787;0.00004;steel column
1;21;31;0.000;0.00000;0.00000;0.09090;0.00000;0.00000;0.00000;concrete column
1;21;32;3.600;0.04674;-0.00399;0.09094;-0.00190;-0.02138;0.00012;concrete column
1;22;32;0.000;0.04674;-0.00399;0.09094;-0.00190;-0.02138;0.00012;steel column
1;22;33;4.000;0.20574;-0.01189;0.09094;-0.00194;-0.04949;0.00010;steel column
1;23;34;0.000;0.00000;0.00000;0.15844;0.00000;0.00000;0.00000;concrete column
1;23;35;3.600;0.04678;-0.00366;0.15851;-0.00174;-0.02387;0.00007;concrete column
1;24;35;0.000;0.04678;-0.00366;0.15851;-0.00174;-0.02387;0.00007;steel column
1;24;36;4.000;0.98098;-0.01953;0.15885;-0.00437;-0.06832;0.00428;steel column
1;25;2;0.000;0.04726;-0.00547;-0.15708;-0.00301;-0.02381;0.00015;concrete beam
1;25;20;4.000;0.04676;-0.00546;-0.16890;-0.00300;-0.02432;0.00008;concrete beam
1;26;3;0.000;0.84652;-0.09503;-0.15728;-0.02316;-0.05936;0.00528;steel beam
1;26;21;4.000;0.98098;-0.09482;-0.16940;-0.02157;-0.06825;0.00423;steel beam
1;27;5;0.000;0.04722;-0.00507;-0.08978;-0.00237;-0.02142;0.00011;concrete beam
1;27;23;4.000;0.04674;-0.00507;-0.09909;-0.00219;-0.02223;0.00011;concrete beam
1;28;6;0.000;0.17637;0.00710;-0.08981;0.00329;-0.03813;-0.15927;steel beam
1;28;24;4.000;0.70737;0.00724;-0.09902;0.00012;-0.23387;-0.07426;steel beam
1;29;8;0.000;0.04720;-0.00470;-0.02651;-0.00207;-0.02068;0.00010;concrete beam
1;29;26;4.000;0.04672;-0.00470;-0.03468;-0.00201;-0.02077;0.00013;concrete beam
1;30;9;0.000;0.20108;-0.01356;-0.02650;-0.00220;-0.04791;-0.00004;steel beam
1;30;27;4.000;0.20125;-0.01355;-0.03468;-0.00222;-0.04810;-0.00004;steel beam
1;31;11;0.000;0.04719;-0.00434;0.03526;-0.00189;-0.02062;0.00010;concrete beam
1;31;29;4.000;0.04672;-0.00434;0.02760;-0.00193;-0.02067;0.00013;concrete beam
1;32;12;0.000;0.20063;-0.01264;0.03526;-0.00208;-0.04777;0.00003;steel beam
1;32;30;4.000;0.20050;-0.01264;0.02759;-0.00206;-0.04787;0.00004;steel beam
1;33;14;0.000;0.04719;-0.00399;0.09825;-0.00174;-0.02135;0.00010;concrete beam
1;33;32;4.000;0.04674;-0.00399;0.09094;-0.00190;-0.02138;0.00012;concrete beam
1;34;15;0.000;0.20612;-0.01189;0.09825;-0.00201;-0.04948;0.00010;steel beam
1;34;33;4.000;0.20574;-0.01189;0.09094;-0.00194;-0.04949;0.00010;steel beam
1;35;17;0.000;0.04721;-0.00365;0.16546;-0.00173;-0.02359;0.00013;concrete beam
1;35;35;4.000;0.04678;-0.00366;0.15851;-0.00174;-0.02387;0.00007;concrete beam
1;36;18;0.000;0.84663;-0.01953;0.16578;-0.00443;-0.06119;0.00372;steel beam
1;36;36;4.000;0.98098;-0.01953;0.15885;-0.00437;-0.06832;0.00428;steel beam
1;37;3;0.000;0.84652;-0.09503;-0.15728;-0.02316;-0.05936;0.00528;timber beam
1;37;18;15.000;0.84663;-0.01953;0.16578;-0.00443;-0.06119;0.00372;timber beam
1;38;21;0.000;0.98098;-0.09482;-0.16940;-0.02157;-0.06825;0.00423;timber beam
1;38;36;15.000;0.98098;-0.01953;0.15885;-0.00437;-0.06832;0.00428;timber beam
1;39;3;0.000;0.84652;-0.09503;-0.15728;-0.02316;-0.05936;0.00528;Aluminium beam
1;39;24;5.000;0.70737;0.00724;-0.09902;0.00012;-0.23387;-0.07426;Aluminium beam
;;;;;;;;;;
2;1;1;0.000;0.00000;0.00000;-0.12729;0.00000;0.00000;0.00000;concrete column
2;1;2;3.600;0.00164;0.13165;-0.12735;0.06104;-0.00027;-0.00003;concrete column
2;2;2;0.000;0.00164;0.13165;-0.12735;0.06104;-0.00027;-0.00003;steel column
2;2;3;4.000;-0.49869;0.83609;-0.12802;0.17201;0.02958;-0.01185;steel column
2;3;4;0.000;0.00000;0.00000;-0.12176;0.00000;0.00000;0.00000;concrete column
2;3;5;3.600;0.00166;0.13153;-0.12182;0.05906;-0.00127;-0.00002;concrete column
2;4;5;0.000;0.00166;0.13153;-0.12182;0.05906;-0.00127;-0.00002;steel column
2;4;6;4.000;-0.08443;0.40718;-0.12189;0.06901;0.03377;0.02544;steel column
2;5;7;0.000;0.00000;0.00000;-0.11767;0.00000;0.00000;0.00000;concrete column
2;5;8;3.600;0.00170;0.13149;-0.11773;0.05823;-0.00093;0.00000;concrete column
2;6;8;0.000;0.00170;0.13149;-0.11773;0.05823;-0.00093;0.00000;steel column
2;6;9;4.000;0.01084;0.38854;-0.11778;0.06417;-0.00301;0.00113;steel column
2;7;10;0.000;0.00000;0.00000;-0.11548;0.00000;0.00000;0.00000;concrete column
2;7;11;3.600;0.00176;0.13155;-0.11553;0.05823;-0.00055;0.00003;concrete column
2;8;11;0.000;0.00176;0.13155;-0.11553;0.05823;-0.00055;0.00003;steel column
2;8;12;4.000;0.00616;0.38860;-0.11558;0.06417;-0.00140;-0.00104;steel column
2;9;13;0.000;0.00000;0.00000;-0.11517;0.00000;0.00000;0.00000;concrete column
2;9;14;3.600;0.00179;0.13170;-0.11523;0.05910;-0.00012;0.00005;concrete column
2;10;14;0.000;0.00179;0.13170;-0.11523;0.05910;-0.00012;0.00005;steel column
2;10;15;4.000;0.00079;0.39266;-0.11528;0.06517;0.00044;-0.00366;steel column
2;11;16;0.000;0.00000;0.00000;-0.11759;0.00000;0.00000;0.00000;concrete column
2;11;17;3.600;0.00179;0.13190;-0.11765;0.06172;0.00095;0.00004;concrete column
2;12;17;0.000;0.00179;0.13190;-0.11765;0.06172;0.00095;0.00004;steel column
2;12;18;4.000;-0.49865;0.80380;-0.11861;0.16777;0.02502;-0.00453;steel column
2;13;19;0.000;0.00000;0.00000;0.11553;0.00000;0.00000;0.00000;concrete column
2;13;20;3.600;0.00176;0.13165;0.11558;0.06098;-0.00143;-0.00004;concrete column
2;14;20;0.000;0.00176;0.13165;0.11558;0.06098;-0.00143;-0.00004;steel column
2;14;21;4.000;0.53596;0.83621;0.11620;0.17595;-0.02975;-0.00714;steel column
2;15;22;0.000;0.00000;0.00000;0.11518;0.00000;0.00000;0.00000;concrete column
2;15;23;3.600;0.00174;0.13154;0.11523;0.05910;-0.00031;-0.00002;concrete column
2;16;23;0.000;0.00174;0.13154;0.11523;0.05910;-0.00031;-0.00002;steel column
2;16;24;4.000;0.07200;0.40727;0.11535;0.06683;-0.02141;-0.15032;steel column
2;17;25;0.000;0.00000;0.00000;0.11571;0.00000;0.00000;0.00000;concrete column
2;17;26;3.600;0.00169;0.13149;0.11576;0.05823;-0.00056;0.00000;concrete column
2;18;26;0.000;0.00169;0.13149;0.11576;0.05823;-0.00056;0.00000;steel column
2;18;27;4.000;0.00617;0.38854;0.11581;0.06417;-0.00142;0.00113;steel column
2;19;28;0.000;0.00000;0.00000;0.11790;0.00000;0.00000;0.00000;concrete column
2;19;29;3.600;0.00163;0.13155;0.11795;0.05823;-0.00090;0.00003;concrete column
2;20;29;0.000;0.00163;0.13155;0.11795;0.05823;-0.00090;0.00003;steel column
2;20;30;4.000;0.01046;0.38860;0.11800;0.06417;-0.00291;-0.00104;steel column
2;21;31;0.000;0.00000;0.00000;0.12191;0.00000;0.00000;0.00000;concrete column
2;21;32;3.600;0.00159;0.13170;0.12197;0.05909;-0.00134;0.00005;concrete column
2;22;32;0.000;0.00159;0.13170;0.12197;0.05909;-0.00134;0.00005;steel column
2;22;33;4.000;0.01585;0.39266;0.12202;0.06517;-0.00476;-0.00366;steel column
2;23;34;0.000;0.00000;0.00000;0.12874;0.00000;0.00000;0.00000;concrete column
2;23;35;3.600;0.00159;0.13190;0.12880;0.06172;-0.00248;0.00004;concrete column
2;24;35;0.000;0.00159;0.13190;0.12880;0.06172;-0.00248;0.00004;steel column
2;24;36;4.000;0.53597;0.80381;0.12977;0.16791;-0.02944;-0.00725;steel column
2;25;2;0.000;0.00164;0.13165;-0.12735;0.06104;-0.00027;-0.00003;concrete beam
2;25;20;4.000;0.00176;0.13165;0.11558;0.06098;-0.00143;-0.00004;concrete beam
2;26;3;0.000;-0.49869;0.83609;-0.12802;0.17201;0.02958;-0.01185;steel beam
2;26;21;4.000;0.53596;0.83621;0.11620;0.17595;-0.02975;-0.00714;steel beam
2;27;5;0.000;0.00166;0.13153;-0.12182;0.05906;-0.00127;-0.00002;concrete beam
2;27;23;4.000;0.00174;0.13154;0.11523;0.05910;-0.00031;-0.00002;concrete beam
2;28;6;0.000;-0.08443;0.40718;-0.12189;0.06901;0.03377;0.02544;steel beam
2;28;24;4.000;0.07200;0.40727;0.11535;0.06683;-0.02141;-0.15032;steel beam
2;29;8;0.000;0.00170;0.13149;-0.11773;0.05823;-0.00093;0.00000;concrete beam
2;29;26;4.000;0.00169;0.13149;0.11576;0.05823;-0.00056;0.00000;concrete beam
2;30;9;0.000;0.01084;0.38854;-0.11778;0.06417;-0.00301;0.00113;steel beam
2;30;27;4.000;0.00617;0.38854;0.11581;0.06417;-0.00142;0.00113;steel beam
2;31;11;0.000;0.00176;0.13155;-0.11553;0.05823;-0.00055;0.00003;concrete beam
2;31;29;4.000;0.00163;0.13155;0.11795;0.05823;-0.00090;0.00003;concrete beam
2;32;12;0.000;0.00616;0.38860;-0.11558;0.06417;-0.00140;-0.00104;steel beam
2;32;30;4.000;0.01046;0.38860;0.11800;0.06417;-0.00291;-0.00104;steel beam
2;33;14;0.000;0.00179;0.13170;-0.11523;0.05910;-0.00012;0.00005;concrete beam
2;33;32;4.000;0.00159;0.13170;0.12197;0.05909;-0.00134;0.00005;concrete beam
2;34;15;0.000;0.00079;0.39266;-0.11528;0.06517;0.00044;-0.00366;steel beam
2;34;33;4.000;0.01585;0.39266;0.12202;0.06517;-0.00476;-0.00366;steel beam
2;35;17;0.000;0.00179;0.13190;-0.11765;0.06172;0.00095;0.00004;concrete beam
2;35;35;4.000;0.00159;0.13190;0.12880;0.06172;-0.00248;0.00004;concrete beam
2;36;18;0.000;-0.49865;0.80380;-0.11861;0.16777;0.02502;-0.00453;steel beam
2;36;36;4.000;0.53597;0.80381;0.12977;0.16791;-0.02944;-0.00725;steel beam
2;37;3;0.000;-0.49869;0.83609;-0.12802;0.17201;0.02958;-0.01185;timber beam
2;37;18;15.000;-0.49865;0.80380;-0.11861;0.16777;0.02502;-0.00453;timber beam
2;38;21;0.000;0.53596;0.83621;0.11620;0.17595;-0.02975;-0.00714;timber beam
2;38;36;15.000;0.53597;0.80381;0.12977;0.16791;-0.02944;-0.00725;timber beam
2;39;3;0.000;-0.49869;0.83609;-0.12802;0.17201;0.02958;-0.01185;Aluminium beam
2;39;24;5.000;0.07200;0.40727;0.11535;0.06683;-0.02141;-0.15032;Aluminium beam
;;;;;;;;;;
3;1;1;0.000;0.00000;0.00000;-0.07467;0.00000;0.00000;0.00000;concrete column
3;1;2;3.600;0.00820;0.05377;-0.07471;0.02499;-0.00530;0.00054;concrete column
3;2;2;0.000;0.00820;0.05377;-0.07471;0.02499;-0.00530;0.00054;steel column
3;2;3;4.000;0.86220;0.15185;-0.07509;0.02392;-0.04554;0.03112;steel column
3;3;4;0.000;0.00000;0.00000;-0.06346;0.00000;0.00000;0.00000;concrete column
3;3;5;3.600;0.00819;0.05546;-0.06349;0.02482;-0.00322;0.00053;concrete column
3;4;5;0.000;0.00819;0.05546;-0.06349;0.02482;-0.00322;0.00053;steel column
3;4;6;4.000;-0.09346;0.19091;-0.06354;0.03422;0.04072;-0.25435;steel column
3;5;7;0.000;0.00000;0.00000;-0.05456;0.00000;0.00000;0.00000;concrete column
3;5;8;3.600;0.00819;0.05715;-0.05458;0.02531;-0.00296;0.00054;concrete column
3;6;8;0.000;0.00819;0.05715;-0.05458;0.02531;-0.00296;0.00054;steel column
3;6;9;4.000;0.03593;0.16916;-0.05460;0.02797;-0.00907;-0.00013;steel column
3;7;10;0.000;0.00000;0.00000;-0.04704;0.00000;0.00000;0.00000;concrete column
3;7;11;3.600;0.00821;0.05887;-0.04707;0.02607;-0.00266;0.00055;concrete column
3;8;11;0.000;0.00821;0.05887;-0.04707;0.02607;-0.00266;0.00055;steel column
3;8;12;4.000;0.03255;0.17417;-0.04709;0.02878;-0.00793;-0.00108;steel column
3;9;13;0.000;0.00000;0.00000;-0.04058;0.00000;0.00000;0.00000;concrete column
3;9;14;3.600;0.00822;0.06063;-0.04060;0.02717;-0.00249;0.00055;concrete column
3;10;14;0.000;0.00822;0.06063;-0.04060;0.02717;-0.00249;0.00055;steel column
3;10;15;4.000;0.03041;0.18081;-0.04063;0.03001;-0.00719;-0.00202;steel column
3;11;16;0.000;0.00000;0.00000;-0.03352;0.00000;0.00000;0.00000;concrete column
3;11;17;3.600;0.00823;0.06241;-0.03354;0.02850;-0.00448;0.00056;concrete column
3;12;17;0.000;0.00823;0.06241;-0.03354;0.02850;-0.00448;0.00056;steel column
3;12;18;4.000;0.86233;0.50521;-0.03380;0.10816;-0.04955;0.03113;steel column
3;13;19;0.000;0.00000;0.00000;0.02617;0.00000;0.00000;0.00000;concrete column
3;13;20;3.600;0.00595;0.05377;0.02618;0.02496;-0.00153;0.00055;concrete column
3;14;20;0.000;0.00595;0.05377;0.02618;0.02496;-0.00153;0.00055;steel column
3;14;21;4.000;-0.77608;0.15209;0.02647;0.02720;0.03943;0.03119;steel column
3;15;22;0.000;0.00000;0.00000;0.03601;0.00000;0.00000;0.00000;concrete column
3;15;23;3.600;0.00597;0.05547;0.03602;0.02487;-0.00414;0.00051;concrete column
3;16;23;0.000;0.00597;0.05547;0.03602;0.02487;-0.00414;0.00051;steel column
3;16;24;4.000;0.80678;0.19106;0.03614;0.02952;-0.29505;-0.15610;steel column
3;17;25;0.000;0.00000;0.00000;0.04695;0.00000;0.00000;0.00000;concrete column
3;17;26;3.600;0.00594;0.05715;0.04697;0.02534;-0.00326;0.00054;concrete column
3;18;26;0.000;0.00594;0.05715;0.04697;0.02534;-0.00326;0.00054;steel column
3;18;27;4.000;0.03653;0.16916;0.04699;0.02796;-0.01001;-0.00013;steel column
3;19;28;0.000;0.00000;0.00000;0.05743;0.00000;0.00000;0.00000;concrete column
3;19;29;3.600;0.00591;0.05887;0.05746;0.02607;-0.00326;0.00055;concrete column
3;20;29;0.000;0.00591;0.05887;0.05746;0.02607;-0.00326;0.00055;steel column
3;20;30;4.000;0.03705;0.17417;0.05748;0.02878;-0.01022;-0.00108;steel column
3;21;31;0.000;0.00000;0.00000;0.06839;0.00000;0.00000;0.00000;concrete column
3;21;32;3.600;0.00589;0.06063;0.06842;0.02716;-0.00338;0.00056;concrete column
3;22;32;0.000;0.00589;0.06063;0.06842;0.02716;-0.00338;0.00056;steel column
3;22;33;4.000;0.03877;0.18081;0.06844;0.03001;-0.01082;-0.00202;steel column
3;23;34;0.000;0.00000;0.00000;0.07889;0.00000;0.00000;0.00000;concrete column
3;23;35;3.600;0.00588;0.06241;0.07893;0.02849;-0.00153;0.00057;concrete column
3;24;35;0.000;0.00588;0.06241;0.07893;0.02849;-0.00153;0.00057;steel column
3;24;36;4.000;-0.77609;0.50521;0.07922;0.10827;0.03937;0.03106;steel column
3;25;2;0.000;0.00820;0.05377;-0.07471;0.02499;-0.00530;0.00054;concrete beam
3;25;20;4.000;0.00595;0.05377;0.02618;0.02496;-0.00153;0.00055;concrete beam
3;26;3;0.000;0.86220;0.15185;-0.07509;0.02392;-0.04554;0.03112;steel beam
3;26;21;4.000;-0.77608;0.15209;0.02647;0.02720;0.03943;0.03119;steel beam
3;27;5;0.000;0.00819;0.05546;-0.06349;0.02482;-0.00322;0.00053;concrete beam
3;27;23;4.000;0.00597;0.05547;0.03602;0.02487;-0.00414;0.00051;concrete beam
3;28;6;0.000;-0.09346;0.19091;-0.06354;0.03422;0.04072;-0.25435;steel beam
3;28;24;4.000;0.80678;0.19106;0.03614;0.02952;-0.29505;-0.15610;steel beam
3;29;8;0.000;0.00819;0.05715;-0.05458;0.02531;-0.00296;0.00054;concrete beam
3;29;26;4.000;0.00594;0.05715;0.04697;0.02534;-0.00326;0.00054;concrete beam
3;30;9;0.000;0.03593;0.16916;-0.05460;0.02797;-0.00907;-0.00013;steel beam
3;30;27;4.000;0.03653;0.16916;0.04699;0.02796;-0.01001;-0.00013;steel beam
3;31;11;0.000;0.00821;0.05887;-0.04707;0.02607;-0.00266;0.00055;concrete beam
3;31;29;4.000;0.00591;0.05887;0.05746;0.02607;-0.00326;0.00055;concrete beam
3;32;12;0.000;0.03255;0.17417;-0.04709;0.02878;-0.00793;-0.00108;steel beam
3;32;30;4.000;0.03705;0.17417;0.05748;0.02878;-0.01022;-0.00108;steel beam
3;33;14;0.000;0.00822;0.06063;-0.04060;0.02717;-0.00249;0.00055;concrete beam
3;33;32;4.000;0.00589;0.06063;0.06842;0.02716;-0.00338;0.00056;concrete beam
3;34;15;0.000;0.03041;0.18081;-0.04063;0.03001;-0.00719;-0.00202;steel beam
3;34;33;4.000;0.03877;0.18081;0.06844;0.03001;-0.01082;-0.00202;steel beam
3;35;17;0.000;0.00823;0.06241;-0.03354;0.02850;-0.00448;0.00056;concrete beam
3;35;35;4.000;0.00588;0.06241;0.07893;0.02849;-0.00153;0.00057;concrete beam
3;36;18;0.000;0.86233;0.50521;-0.03380;0.10816;-0.04955;0.03113;steel beam
3;36;36;4.000;-0.77609;0.50521;0.07922;0.10827;0.03937;0.03106;steel beam
3;37;3;0.000;0.86220;0.15185;-0.07509;0.02392;-0.04554;0.03112;timber beam
3;37;18;15.000;0.86233;0.50521;-0.03380;0.10816;-0.04955;0.03113;timber beam
3;38;21;0.000;-0.77608;0.15209;0.02647;0.02720;0.03943;0.03119;timber beam
3;38;36;15.000;-0.77609;0.50521;0.07922;0.10827;0.03937;0.03106;timber beam
3;39;3;0.000;0.86220;0.15185;-0.07509;0.02392;-0.04554;0.03112;Aluminium beam
3;39;24;5.000;0.80678;0.19106;0.03614;0.02952;-0.29505;-0.15610;Aluminium beam
;;;;;;;;;;
4;1;1;0.000;0.00000;0.00000;-0.05462;0.00000;0.00000;0.00000;concrete column
4;1;2;3.600;-0.00093;0.03689;-0.05465;0.01757;-0.00389;-0.00359;concrete column
4;2;2;0.000;-0.00093;0.03689;-0.05465;0.01757;-0.00389;-0.00359;steel column
4;2;3;4.000;0.08785;0.76774;-0.05590;0.16685;-0.00352;-0.10412;steel column
4;3;4;0.000;0.00000;0.00000;-0.03479;0.00000;0.00000;0.00000;concrete column
4;3;5;3.600;-0.00100;0.02538;-0.03481;0.01128;-0.00394;-0.00366;concrete column
4;4;5;0.000;-0.00100;0.02538;-0.03481;0.01128;-0.00394;-0.00366;steel column
4;4;6;4.000;-0.70977;0.08521;-0.03481;0.01577;0.27665;-0.40387;steel column
4;5;7;0.000;0.00000;0.00000;-0.01593;0.00000;0.00000;0.00000;concrete column
4;5;8;3.600;-0.00102;0.01382;-0.01594;0.00616;-0.00448;-0.00366;concrete column
4;6;8;0.000;-0.00102;0.01382;-0.01594;0.00616;-0.00448;-0.00366;steel column
4;6;9;4.000;0.09676;0.04185;-0.01594;0.00700;-0.03539;0.02267;steel column
4;7;10;0.000;0.00000;0.00000;0.00290;0.00000;0.00000;0.00000;concrete column
4;7;11;3.600;-0.00102;0.00225;0.00290;0.00082;-0.00439;-0.00366;concrete column
4;8;11;0.000;-0.00102;0.00225;0.00290;0.00082;-0.00439;-0.00366;steel column
4;8;12;4.000;0.09571;0.00595;0.00290;0.00092;-0.03503;0.02286;steel column
4;9;13;0.000;0.00000;0.00000;0.02161;0.00000;0.00000;0.00000;concrete column
4;9;14;3.600;-0.00099;-0.00930;0.02162;-0.00457;-0.00439;-0.00365;concrete column
4;10;14;0.000;-0.00099;-0.00930;0.02162;-0.00457;-0.00439;-0.00365;steel column
4;10;15;4.000;0.09820;-0.03013;0.02163;-0.00521;-0.03599;0.02436;steel column
4;11;16;0.000;0.00000;0.00000;0.03991;0.00000;0.00000;0.00000;concrete column
4;11;17;3.600;-0.00095;-0.02079;0.03993;-0.01076;-0.00350;-0.00360;concrete column
4;12;17;0.000;-0.00095;-0.02079;0.03993;-0.01076;-0.00350;-0.00360;steel column
4;12;18;4.000;0.08792;-0.76962;0.04117;-0.17878;-0.01351;-0.09683;steel column
4;13;19;0.000;0.00000;0.00000;0.01193;0.00000;0.00000;0.00000;concrete column
4;13;20;3.600;0.01418;0.03689;0.01194;0.01740;-0.00196;-0.00360;concrete column
4;14;20;0.000;0.01418;0.03689;0.01194;0.01740;-0.00196;-0.00360;steel column
4;14;21;4.000;-0.08770;0.76793;0.01309;0.17508;0.00646;-0.09941;steel column
4;15;22;0.000;0.00000;0.00000;0.01052;0.00000;0.00000;0.00000;concrete column
4;15;23;3.600;0.01424;0.02538;0.01053;0.01142;-0.00219;-0.00368;concrete column
4;16;23;0.000;0.01424;0.02538;0.01053;0.01142;-0.00219;-0.00368;steel column
4;16;24;4.000;0.99630;0.08524;0.01065;0.00821;-0.36199;-0.43277;steel column
4;17;25;0.000;0.00000;0.00000;0.00878;0.00000;0.00000;0.00000;concrete column
4;17;26;3.600;0.01424;0.01382;0.00878;0.00618;-0.00112;-0.00366;concrete column
4;18;26;0.000;0.01424;0.01382;0.00878;0.00618;-0.00112;-0.00366;steel column
4;18;27;4.000;0.00307;0.04185;0.00879;0.00699;0.00493;0.02267;steel column
4;19;28;0.000;0.00000;0.00000;0.00613;0.00000;0.00000;0.00000;concrete column
4;19;29;3.600;0.01423;0.00225;0.00613;0.00082;-0.00102;-0.00366;concrete column
4;20;29;0.000;0.01423;0.00225;0.00613;0.00082;-0.00102;-0.00366;steel column
4;20;30;4.000;0.00126;0.00595;0.00613;0.00092;0.00557;0.02286;steel column
4;21;31;0.000;0.00000;0.00000;0.00317;0.00000;0.00000;0.00000;concrete column
4;21;32;3.600;0.01421;-0.00930;0.00317;-0.00457;-0.00095;-0.00364;concrete column
4;22;32;0.000;0.01421;-0.00930;0.00317;-0.00457;-0.00095;-0.00364;steel column
4;22;33;4.000;-0.00242;-0.03013;0.00316;-0.00521;0.00694;0.02436;steel column
4;23;34;0.000;0.00000;0.00000;0.00039;0.00000;0.00000;0.00000;concrete column
4;23;35;3.600;0.01415;-0.02079;0.00039;-0.01078;-0.00170;-0.00359;concrete column
4;24;35;0.000;0.01415;-0.02079;0.00039;-0.01078;-0.00170;-0.00359;steel column
4;24;36;4.000;-0.08771;-0.76961;-0.00086;-0.17850;0.00636;-0.09969;steel column
4;25;2;0.000;-0.00093;0.03689;-0.05465;0.01757;-0.00389;-0.00359;concrete beam
4;25;20;4.000;0.01418;0.03689;0.01194;0.01740;-0.00196;-0.00360;concrete beam
4;26;3;0.000;0.08785;0.76774;-0.05590;0.16685;-0.00352;-0.10412;steel beam
4;26;21;4.000;-0.08770;0.76793;0.01309;0.17508;0.00646;-0.09941;steel beam
4;27;5;0.000;-0.00100;0.02538;-0.03481;0.01128;-0.00394;-0.00366;concrete beam
4;27;23;4.000;0.01424;0.02538;0.01053;0.01142;-0.00219;-0.00368;concrete beam
4;28;6;0.000;-0.70977;0.08521;-0.03481;0.01577;0.27665;-0.40387;steel beam
4;28;24;4.000;0.99630;0.08524;0.01065;0.00821;-0.36199;-0.43277;steel beam
4;29;8;0.000;-0.00102;0.01382;-0.01594;0.00616;-0.00448;-0.00366;concrete beam
4;29;26;4.000;0.01424;0.01382;0.00878;0.00618;-0.00112;-0.00366;concrete beam
4;30;9;0.000;0.09676;0.04185;-0.01594;0.00700;-0.03539;0.02267;steel beam
4;30;27;4.000;0.00307;0.04185;0.00879;0.00699;0.00493;0.02267;steel beam
4;31;11;0.000;-0.00102;0.00225;0.00290;0.00082;-0.00439;-0.00366;concrete beam
4;31;29;4.000;0.01423;0.00225;0.00613;0.00082;-0.00102;-0.00366;concrete beam
4;32;12;0.000;0.09571;0.00595;0.00290;0.00092;-0.03503;0.02286;steel beam
4;32;30;4.000;0.00126;0.00595;0.00613;0.00092;0.00557;0.02286;steel beam
4;33;14;0.000;-0.00099;-0.00930;0.02162;-0.00457;-0.00439;-0.00365;concrete beam
4;33;32;4.000;0.01421;-0.00930;0.00317;-0.00457;-0.00095;-0.00364;concrete beam
4;34;15;0.000;0.09820;-0.03013;0.02163;-0.00521;-0.03599;0.02436;steel beam
4;34;33;4.000;-0.00242;-0.03013;0.00316;-0.00521;0.00694;0.02436;steel beam
4;35;17;0.000;-0.00095;-0.02079;0.03993;-0.01076;-0.00350;-0.00360;concrete beam
4;35;35;4.000;0.01415;-0.02079;0.00039;-0.01078;-0.00170;-0.00359;concrete beam
4;36;18;0.000;0.08792;-0.76962;0.04117;-0.17878;-0.01351;-0.09683;steel beam
4;36;36;4.000;-0.08771;-0.76961;-0.00086;-0.17850;0.00636;-0.09969;steel beam
4;37;3;0.000;0.08785;0.76774;-0.05590;0.16685;-0.00352;-0.10412;timber beam
4;37;18;15.000;0.08792;-0.76962;0.04117;-0.17878;-0.01351;-0.09683;timber beam
4;38;21;0.000;-0.08770;0.76793;0.01309;0.17508;0.00646;-0.09941;timber beam
4;38;36;15.000;-0.08771;-0.76961;-0.00086;-0.17850;0.00636;-0.09969;timber beam
4;39;3;0.000;0.08785;0.76774;-0.05590;0.16685;-0.00352;-0.10412;Aluminium beam
4;39;24;5.000;0.99630;0.08524;0.01065;0.00821;-0.36199;-0.43277;Aluminium beam
