Mode No.;Surface;Point;Grid Point Coordinates [m];;;Normalized Displacements [--];;;Normalized Rotations [--];;;
;No.;No.;X;Y;Z;u_X;u_Y;u_Z;φ_X;φ_Y;φ_Z;Surface Comment
1;1;1;0.000;0.000;-3.600;0.04726;-0.00547;-0.15708;-0.00301;-0.02381;0.00015;
1;1;2;0.500;0.000;-3.600;0.04725;-0.00540;-0.14537;-0.00300;-0.02321;0.00013;
1;1;3;1.000;0.000;-3.600;0.04724;-0.00533;-0.13389;-0.00291;-0.02282;0.00013;
1;1;4;1.500;0.000;-3.600;0.04724;-0.00526;-0.12260;-0.00279;-0.02244;0.00013;
1;1;5;2.000;0.000;-3.600;0.04723;-0.00520;-0.11149;-0.00269;-0.02209;0.00013;
1;1;6;2.500;0.000;-3.600;0.04723;-0.00513;-0.10056;-0.00257;-0.02178;0.00012;
1;1;7;3.000;0.000;-3.600;0.04722;-0.00507;-0.08978;-0.00237;-0.02142;0.00011;
1;1;8;3.500;0.000;-3.600;0.04722;-0.00501;-0.07906;-0.00234;-0.02141;0.00012;
1;1;9;4.000;0.000;-3.600;0.04722;-0.00495;-0.06840;-0.00229;-0.02128;0.00012;
1;1;10;4.500;0.000;-3.600;0.04721;-0.00489;-0.05781;-0.00224;-0.02112;0.00012;
1;1;11;5.000;0.000;-3.600;0.04721;-0.00482;-0.04730;-0.00219;-0.02097;0.00012;
1;1;12;5.500;0.000;-3.600;0.04721;-0.00476;-0.03687;-0.00214;-0.02083;0.00012;
1;1;13;6.000;0.000;-3.600;0.04720;-0.00470;-0.02651;-0.00207;-0.02068;0.00010;
1;1;14;6.500;0.000;-3.600;0.04720;-0.00464;-0.01618;-0.00205;-0.02064;0.00012;
1;1;15;7.000;0.000;-3.600;0.04720;-0.00458;-0.00588;-0.00201;-0.02060;0.00012;
1;1;16;7.500;0.000;-3.600;0.04720;-0.00452;0.00441;-0.00198;-0.02057;0.00012;
1;1;17;8.000;0.000;-3.600;0.04720;-0.00446;0.01468;-0.00195;-0.02057;0.00012;
1;1;18;8.500;0.000;-3.600;0.04719;-0.00440;0.02496;-0.00192;-0.02059;0.00012;
1;1;19;9.000;0.000;-3.600;0.04719;-0.00434;0.03526;-0.00189;-0.02062;0.00010;
1;1;20;9.500;0.000;-3.600;0.04719;-0.00428;0.04559;-0.00184;-0.02074;0.00012;
1;1;21;10.000;0.000;-3.600;0.04719;-0.00422;0.05599;-0.00182;-0.02086;0.00012;
1;1;22;10.500;0.000;-3.600;0.04719;-0.00417;0.06645;-0.00179;-0.02100;0.00012;
1;1;23;11.000;0.000;-3.600;0.04719;-0.00411;0.07698;-0.00178;-0.02115;0.00011;
1;1;24;11.500;0.000;-3.600;0.04719;-0.00405;0.08758;-0.00175;-0.02129;0.00011;
1;1;25;12.000;0.000;-3.600;0.04719;-0.00399;0.09825;-0.00174;-0.02135;0.00010;
1;1;26;12.500;0.000;-3.600;0.04719;-0.00394;0.10904;-0.00163;-0.02177;0.00011;
1;1;27;13.000;0.000;-3.600;0.04719;-0.00388;0.12000;-0.00161;-0.02209;0.00011;
1;1;28;13.500;0.000;-3.600;0.04720;-0.00383;0.13112;-0.00159;-0.02240;0.00011;
1;1;29;14.000;0.000;-3.600;0.04720;-0.00377;0.14239;-0.00159;-0.02270;0.00011;
1;1;30;14.500;0.000;-3.600;0.04720;-0.00371;0.15382;-0.00161;-0.02303;0.00011;
1;1;31;15.000;0.000;-3.600;0.04721;-0.00365;0.16546;-0.00173;-0.02359;0.00013;
1;1;32;0.000;0.500;-3.600;0.04718;-0.00547;-0.15857;-0.00297;-0.02358;0.00015;
1;1;33;0.500;0.500;-3.600;0.04718;-0.00540;-0.14686;-0.00292;-0.02325;0.00014;
1;1;34;1.000;0.500;-3.600;0.04717;-0.00533;-0.13532;-0.00284;-0.02287;0.00013;
1;1;35;1.500;0.500;-3.600;0.04717;-0.00526;-0.12398;-0.00273;-0.02251;0.00013;
1;1;36;2.000;0.500;-3.600;0.04717;-0.00520;-0.11282;-0.00262;-0.02215;0.00013;
1;1;37;2.500;0.500;-3.600;0.04716;-0.00513;-0.10183;-0.00251;-0.02183;0.00012;
1;1;38;3.000;0.500;-3.600;0.04716;-0.00507;-0.09098;-0.00239;-0.02159;0.00012;
1;1;39;3.500;0.500;-3.600;0.04716;-0.00501;-0.08022;-0.00232;-0.02144;0.00012;
1;1;40;4.000;0.500;-3.600;0.04715;-0.00495;-0.06954;-0.00226;-0.02130;0.00012;
1;1;41;4.500;0.500;-3.600;0.04715;-0.00489;-0.05893;-0.00221;-0.02114;0.00012;
1;1;42;5.000;0.500;-3.600;0.04715;-0.00482;-0.04839;-0.00217;-0.02099;0.00012;
1;1;43;5.500;0.500;-3.600;0.04715;-0.00476;-0.03794;-0.00212;-0.02085;0.00012;
1;1;44;6.000;0.500;-3.600;0.04714;-0.00470;-0.02754;-0.00207;-0.02073;0.00011;
1;1;45;6.500;0.500;-3.600;0.04714;-0.00464;-0.01720;-0.00204;-0.02066;0.00011;
1;1;46;7.000;0.500;-3.600;0.04714;-0.00458;-0.00688;-0.00201;-0.02061;0.00012;
1;1;47;7.500;0.500;-3.600;0.04714;-0.00452;0.00342;-0.00198;-0.02059;0.00012;
1;1;48;8.000;0.500;-3.600;0.04714;-0.00446;0.01371;-0.00195;-0.02059;0.00012;
1;1;49;8.500;0.500;-3.600;0.04714;-0.00440;0.02400;-0.00192;-0.02061;0.00011;
1;1;50;9.000;0.500;-3.600;0.04714;-0.00434;0.03432;-0.00189;-0.02066;0.00011;
1;1;51;9.500;0.500;-3.600;0.04713;-0.00428;0.04467;-0.00187;-0.02075;0.00011;
1;1;52;10.000;0.500;-3.600;0.04714;-0.00422;0.05507;-0.00184;-0.02087;0.00011;
1;1;53;10.500;0.500;-3.600;0.04714;-0.00417;0.06554;-0.00182;-0.02101;0.00011;
1;1;54;11.000;0.500;-3.600;0.04714;-0.00411;0.07608;-0.00180;-0.02115;0.00011;
1;1;55;11.500;0.500;-3.600;0.04714;-0.00405;0.08669;-0.00178;-0.02130;0.00011;
1;1;56;12.000;0.500;-3.600;0.04714;-0.00399;0.09739;-0.00175;-0.02148;0.00011;
1;1;57;12.500;0.500;-3.600;0.04714;-0.00394;0.10821;-0.00170;-0.02179;0.00011;
1;1;58;13.000;0.500;-3.600;0.04714;-0.00388;0.11918;-0.00166;-0.02210;0.00011;
1;1;59;13.500;0.500;-3.600;0.04714;-0.00383;0.13031;-0.00165;-0.02240;0.00011;
1;1;60;14.000;0.500;-3.600;0.04714;-0.00377;0.14158;-0.00164;-0.02270;0.00011;
1;1;61;14.500;0.500;-3.600;0.04714;-0.00372;0.15301;-0.00168;-0.02302;0.00012;
1;1;62;15.000;0.500;-3.600;0.04714;-0.00366;0.16459;-0.00174;-0.02331;0.00013;
1;1;63;0.000;1.000;-3.600;0.04711;-0.00547;-0.16004;-0.00295;-0.02350;0.00013;
1;1;64;0.500;1.000;-3.600;0.04711;-0.00540;-0.14833;-0.00290;-0.02332;0.00013;
1;1;65;1.000;1.000;-3.600;0.04711;-0.00533;-0.13673;-0.00281;-0.02306;0.00013;
1;1;66;1.500;1.000;-3.600;0.04710;-0.00526;-0.12532;-0.00265;-0.02256;0.00013;
1;1;67;2.000;1.000;-3.600;0.04710;-0.00520;-0.11411;-0.00254;-0.02215;0.00013;
1;1;68;2.500;1.000;-3.600;0.04710;-0.00513;-0.10309;-0.00248;-0.02193;0.00012;
1;1;69;3.000;1.000;-3.600;0.04710;-0.00507;-0.09218;-0.00238;-0.02171;0.00012;
1;1;70;3.500;1.000;-3.600;0.04710;-0.00501;-0.08137;-0.00230;-0.02152;0.00012;
1;1;71;4.000;1.000;-3.600;0.04709;-0.00495;-0.07066;-0.00224;-0.02135;0.00012;
1;1;72;4.500;1.000;-3.600;0.04709;-0.00489;-0.06002;-0.00219;-0.02119;0.00012;
1;1;73;5.000;1.000;-3.600;0.04709;-0.00482;-0.04947;-0.00214;-0.02103;0.00012;
1;1;74;5.500;1.000;-3.600;0.04709;-0.00476;-0.03899;-0.00210;-0.02089;0.00012;
1;1;75;6.000;1.000;-3.600;0.04709;-0.00470;-0.02858;-0.00206;-0.02077;0.00012;
1;1;76;6.500;1.000;-3.600;0.04708;-0.00464;-0.01822;-0.00203;-0.02069;0.00012;
1;1;77;7.000;1.000;-3.600;0.04708;-0.00458;-0.00789;-0.00200;-0.02064;0.00012;
1;1;78;7.500;1.000;-3.600;0.04708;-0.00452;0.00243;-0.00198;-0.02061;0.00012;
1;1;79;8.000;1.000;-3.600;0.04708;-0.00446;0.01273;-0.00195;-0.02061;0.00012;
1;1;80;8.500;1.000;-3.600;0.04708;-0.00440;0.02304;-0.00193;-0.02064;0.00011;
1;1;81;9.000;1.000;-3.600;0.04708;-0.00434;0.03337;-0.00190;-0.02069;0.00011;
1;1;82;9.500;1.000;-3.600;0.04708;-0.00428;0.04373;-0.00188;-0.02078;0.00011;
1;1;83;10.000;1.000;-3.600;0.04708;-0.00422;0.05415;-0.00186;-0.02089;0.00011;
1;1;84;10.500;1.000;-3.600;0.04708;-0.00417;0.06463;-0.00184;-0.02102;0.00011;
1;1;85;11.000;1.000;-3.600;0.04708;-0.00411;0.07517;-0.00183;-0.02117;0.00011;
1;1;86;11.500;1.000;-3.600;0.04708;-0.00405;0.08580;-0.00180;-0.02134;0.00011;
1;1;87;12.000;1.000;-3.600;0.04708;-0.00399;0.09651;-0.00177;-0.02154;0.00011;
1;1;88;12.500;1.000;-3.600;0.04708;-0.00394;0.10735;-0.00174;-0.02183;0.00011;
1;1;89;13.000;1.000;-3.600;0.04708;-0.00388;0.11834;-0.00171;-0.02212;0.00011;
1;1;90;13.500;1.000;-3.600;0.04708;-0.00383;0.12947;-0.00170;-0.02242;0.00011;
1;1;91;14.000;1.000;-3.600;0.04708;-0.00377;0.14075;-0.00169;-0.02270;0.00011;
1;1;92;14.500;1.000;-3.600;0.04708;-0.00371;0.15217;-0.00171;-0.02296;0.00012;
1;1;93;15.000;1.000;-3.600;0.04708;-0.00366;0.16371;-0.00174;-0.02317;0.00012;
1;1;94;0.000;1.500;-3.600;0.04704;-0.00546;-0.16151;-0.00294;-0.02350;0.00013;
1;1;95;0.500;1.500;-3.600;0.04704;-0.00540;-0.14979;-0.00288;-0.02337;0.00013;
1;1;96;1.000;1.500;-3.600;0.04705;-0.00533;-0.13812;-0.00287;-0.02336;0.00012;
1;1;98;2.000;1.500;-3.600;0.04704;-0.00520;-0.11538;-0.00252;-0.02207;0.00012;
1;1;99;2.500;1.500;-3.600;0.04704;-0.00513;-0.10433;-0.00248;-0.02203;0.00012;
1;1;100;3.000;1.500;-3.600;0.04704;-0.00507;-0.09337;-0.00237;-0.02181;0.00012;
1;1;101;3.500;1.500;-3.600;0.04704;-0.00501;-0.08252;-0.00229;-0.02160;0.00012;
1;1;102;4.000;1.500;-3.600;0.04703;-0.00495;-0.07177;-0.00222;-0.02141;0.00012;
1;1;103;4.500;1.500;-3.600;0.04703;-0.00489;-0.06111;-0.00216;-0.02123;0.00012;
1;1;104;5.000;1.500;-3.600;0.04703;-0.00482;-0.05053;-0.00212;-0.02107;0.00012;
1;1;105;5.500;1.500;-3.600;0.04703;-0.00476;-0.04004;-0.00209;-0.02093;0.00012;
1;1;106;6.000;1.500;-3.600;0.04703;-0.00470;-0.02961;-0.00205;-0.02080;0.00012;
1;1;107;6.500;1.500;-3.600;0.04703;-0.00464;-0.01923;-0.00203;-0.02072;0.00012;
1;1;108;7.000;1.500;-3.600;0.04702;-0.00458;-0.00889;-0.00200;-0.02067;0.00012;
1;1;109;7.500;1.500;-3.600;0.04702;-0.00452;0.00144;-0.00198;-0.02064;0.00012;
1;1;110;8.000;1.500;-3.600;0.04702;-0.00446;0.01175;-0.00195;-0.02064;0.00012;
1;1;111;8.500;1.500;-3.600;0.04702;-0.00440;0.02207;-0.00193;-0.02066;0.00012;
1;1;112;9.000;1.500;-3.600;0.04702;-0.00434;0.03241;-0.00191;-0.02071;0.00012;
1;1;113;9.500;1.500;-3.600;0.04702;-0.00428;0.04279;-0.00189;-0.02080;0.00012;
1;1;114;10.000;1.500;-3.600;0.04702;-0.00422;0.05322;-0.00187;-0.02091;0.00011;
1;1;115;10.500;1.500;-3.600;0.04702;-0.00417;0.06370;-0.00186;-0.02104;0.00011;
1;1;116;11.000;1.500;-3.600;0.04702;-0.00411;0.07425;-0.00184;-0.02119;0.00011;
1;1;117;11.500;1.500;-3.600;0.04702;-0.00405;0.08489;-0.00182;-0.02136;0.00011;
1;1;118;12.000;1.500;-3.600;0.04702;-0.00399;0.09562;-0.00180;-0.02157;0.00011;
1;1;119;12.500;1.500;-3.600;0.04702;-0.00394;0.10647;-0.00178;-0.02185;0.00011;
1;1;120;13.000;1.500;-3.600;0.04703;-0.00388;0.11747;-0.00176;-0.02214;0.00011;
1;1;121;13.500;1.500;-3.600;0.04703;-0.00383;0.12861;-0.00175;-0.02243;0.00011;
1;1;122;14.000;1.500;-3.600;0.04703;-0.00377;0.13990;-0.00173;-0.02271;0.00011;
1;1;123;14.500;1.500;-3.600;0.04703;-0.00371;0.15132;-0.00173;-0.02294;0.00011;
1;1;124;15.000;1.500;-3.600;0.04703;-0.00366;0.16284;-0.00174;-0.02311;0.00011;
1;1;125;0.000;2.000;-3.600;0.04698;-0.00546;-0.16297;-0.00293;-0.02355;0.00012;
1;1;126;0.500;2.000;-3.600;0.04698;-0.00540;-0.15123;-0.00288;-0.02343;0.00012;
1;1;127;1.000;2.000;-3.600;0.04698;-0.00533;-0.13955;-0.00283;-0.02326;0.00012;
1;1;128;1.500;2.000;-3.600;0.04698;-0.00527;-0.12803;-0.00274;-0.02291;0.00013;
1;1;129;2.000;2.000;-3.600;0.04698;-0.00520;-0.11669;-0.00259;-0.02243;0.00012;
1;1;130;2.500;2.000;-3.600;0.04698;-0.00514;-0.10556;-0.00247;-0.02215;0.00012;
1;1;131;3.000;2.000;-3.600;0.04698;-0.00507;-0.09455;-0.00234;-0.02191;0.00012;
1;1;132;3.500;2.000;-3.600;0.04697;-0.00501;-0.08365;-0.00226;-0.02168;0.00012;
1;1;133;4.000;2.000;-3.600;0.04697;-0.00495;-0.07287;-0.00220;-0.02147;0.00012;
1;1;134;4.500;2.000;-3.600;0.04697;-0.00489;-0.06218;-0.00214;-0.02128;0.00012;
1;1;135;5.000;2.000;-3.600;0.04697;-0.00482;-0.05159;-0.00210;-0.02111;0.00012;
1;1;136;5.500;2.000;-3.600;0.04697;-0.00476;-0.04108;-0.00207;-0.02096;0.00012;
1;1;137;6.000;2.000;-3.600;0.04697;-0.00470;-0.03063;-0.00204;-0.02083;0.00012;
1;1;138;6.500;2.000;-3.600;0.04697;-0.00464;-0.02024;-0.00202;-0.02074;0.00012;
1;1;139;7.000;2.000;-3.600;0.04696;-0.00458;-0.00989;-0.00200;-0.02069;0.00012;
1;1;140;7.500;2.000;-3.600;0.04696;-0.00452;0.00045;-0.00198;-0.02066;0.00012;
1;1;141;8.000;2.000;-3.600;0.04696;-0.00446;0.01078;-0.00195;-0.02066;0.00012;
1;1;142;8.500;2.000;-3.600;0.04696;-0.00440;0.02111;-0.00194;-0.02068;0.00012;
1;1;143;9.000;2.000;-3.600;0.04696;-0.00434;0.03146;-0.00192;-0.02073;0.00012;
1;1;144;9.500;2.000;-3.600;0.04696;-0.00428;0.04184;-0.00190;-0.02082;0.00012;
1;1;145;10.000;2.000;-3.600;0.04696;-0.00422;0.05227;-0.00189;-0.02093;0.00012;
1;1;146;10.500;2.000;-3.600;0.04696;-0.00417;0.06277;-0.00187;-0.02105;0.00012;
1;1;147;11.000;2.000;-3.600;0.04696;-0.00411;0.07333;-0.00186;-0.02120;0.00011;
1;1;148;11.500;2.000;-3.600;0.04697;-0.00405;0.08397;-0.00184;-0.02138;0.00011;
1;1;149;12.000;2.000;-3.600;0.04697;-0.00399;0.09471;-0.00183;-0.02159;0.00011;
1;1;150;12.500;2.000;-3.600;0.04697;-0.00394;0.10557;-0.00182;-0.02186;0.00011;
1;1;151;13.000;2.000;-3.600;0.04697;-0.00388;0.11658;-0.00181;-0.02215;0.00011;
1;1;152;13.500;2.000;-3.600;0.04697;-0.00383;0.12773;-0.00180;-0.02244;0.00011;
1;1;153;14.000;2.000;-3.600;0.04697;-0.00377;0.13902;-0.00178;-0.02272;0.00011;
1;1;154;14.500;2.000;-3.600;0.04697;-0.00371;0.15044;-0.00176;-0.02295;0.00011;
1;1;155;15.000;2.000;-3.600;0.04697;-0.00366;0.16197;-0.00174;-0.02311;0.00011;
1;1;156;0.000;2.500;-3.600;0.04692;-0.00546;-0.16444;-0.00294;-0.02364;0.00012;
1;1;157;0.500;2.500;-3.600;0.04692;-0.00540;-0.15265;-0.00285;-0.02350;0.00012;
1;1;158;1.000;2.500;-3.600;0.04692;-0.00533;-0.14095;-0.00276;-0.02326;0.00012;
1;1;159;1.500;2.500;-3.600;0.04692;-0.00527;-0.12939;-0.00267;-0.02295;0.00012;
1;1;160;2.000;2.500;-3.600;0.04692;-0.00520;-0.11800;-0.00256;-0.02261;0.00012;
1;1;161;2.500;2.500;-3.600;0.04692;-0.00514;-0.10678;-0.00243;-0.02228;0.00012;
1;1;162;3.000;2.500;-3.600;0.04692;-0.00507;-0.09571;-0.00231;-0.02200;0.00012;
1;1;163;3.500;2.500;-3.600;0.04691;-0.00501;-0.08478;-0.00224;-0.02175;0.00012;
1;1;164;4.000;2.500;-3.600;0.04691;-0.00495;-0.07396;-0.00217;-0.02153;0.00012;
1;1;165;4.500;2.500;-3.600;0.04691;-0.00489;-0.06325;-0.00212;-0.02132;0.00012;
1;1;166;5.000;2.500;-3.600;0.04691;-0.00482;-0.05263;-0.00208;-0.02114;0.00012;
1;1;167;5.500;2.500;-3.600;0.04691;-0.00476;-0.04211;-0.00205;-0.02098;0.00012;
1;1;168;6.000;2.500;-3.600;0.04691;-0.00470;-0.03165;-0.00203;-0.02085;0.00012;
1;1;169;6.500;2.500;-3.600;0.04690;-0.00464;-0.02125;-0.00202;-0.02076;0.00012;
1;1;170;7.000;2.500;-3.600;0.04690;-0.00458;-0.01089;-0.00200;-0.02071;0.00012;
1;1;171;7.500;2.500;-3.600;0.04690;-0.00452;-0.00054;-0.00198;-0.02069;0.00012;
1;1;172;8.000;2.500;-3.600;0.04690;-0.00446;0.00980;-0.00195;-0.02068;0.00012;
1;1;173;8.500;2.500;-3.600;0.04690;-0.00440;0.02014;-0.00194;-0.02070;0.00012;
1;1;174;9.000;2.500;-3.600;0.04690;-0.00434;0.03050;-0.00192;-0.02074;0.00012;
1;1;175;9.500;2.500;-3.600;0.04690;-0.00428;0.04089;-0.00191;-0.02083;0.00012;
1;1;176;10.000;2.500;-3.600;0.04691;-0.00422;0.05133;-0.00190;-0.02094;0.00012;
1;1;177;10.500;2.500;-3.600;0.04691;-0.00417;0.06183;-0.00188;-0.02107;0.00012;
1;1;178;11.000;2.500;-3.600;0.04691;-0.00411;0.07240;-0.00187;-0.02122;0.00012;
1;1;179;11.500;2.500;-3.600;0.04691;-0.00405;0.08305;-0.00186;-0.02138;0.00011;
1;1;180;12.000;2.500;-3.600;0.04691;-0.00399;0.09379;-0.00186;-0.02159;0.00011;
1;1;181;12.500;2.500;-3.600;0.04691;-0.00394;0.10465;-0.00186;-0.02187;0.00011;
1;1;182;13.000;2.500;-3.600;0.04691;-0.00388;0.11566;-0.00186;-0.02216;0.00011;
1;1;183;13.500;2.500;-3.600;0.04691;-0.00382;0.12681;-0.00185;-0.02246;0.00011;
1;1;184;14.000;2.500;-3.600;0.04691;-0.00377;0.13812;-0.00183;-0.02274;0.00011;
1;1;185;14.500;2.500;-3.600;0.04691;-0.00371;0.14955;-0.00179;-0.02299;0.00011;
1;1;186;15.000;2.500;-3.600;0.04691;-0.00366;0.16110;-0.00174;-0.02317;0.00011;
1;1;187;0.000;3.000;-3.600;0.04686;-0.00546;-0.16592;-0.00295;-0.02379;0.00011;
1;1;188;0.500;3.000;-3.600;0.04686;-0.00540;-0.15406;-0.00282;-0.02360;0.00012;
1;1;189;1.000;3.000;-3.600;0.04686;-0.00533;-0.14232;-0.00271;-0.02336;0.00012;
1;1;190;1.500;3.000;-3.600;0.04686;-0.00527;-0.13071;-0.00261;-0.02306;0.00012;
1;1;191;2.000;3.000;-3.600;0.04686;-0.00520;-0.11926;-0.00250;-0.02273;0.00012;
1;1;192;2.500;3.000;-3.600;0.04686;-0.00513;-0.10798;-0.00239;-0.02240;0.00012;
1;1;193;3.000;3.000;-3.600;0.04685;-0.00507;-0.09686;-0.00227;-0.02209;0.00012;
1;1;194;3.500;3.000;-3.600;0.04685;-0.00501;-0.08588;-0.00220;-0.02182;0.00012;
1;1;195;4.000;3.000;-3.600;0.04685;-0.00495;-0.07504;-0.00214;-0.02158;0.00012;
1;1;196;4.500;3.000;-3.600;0.04685;-0.00489;-0.06430;-0.00210;-0.02137;0.00012;
1;1;197;5.000;3.000;-3.600;0.04685;-0.00482;-0.05367;-0.00206;-0.02117;0.00012;
1;1;198;5.500;3.000;-3.600;0.04685;-0.00476;-0.04313;-0.00204;-0.02100;0.00012;
1;1;199;6.000;3.000;-3.600;0.04684;-0.00470;-0.03267;-0.00202;-0.02085;0.00012;
1;1;200;6.500;3.000;-3.600;0.04684;-0.00464;-0.02226;-0.00201;-0.02078;0.00012;
1;1;201;7.000;3.000;-3.600;0.04684;-0.00458;-0.01189;-0.00200;-0.02073;0.00012;
1;1;202;7.500;3.000;-3.600;0.04684;-0.00452;-0.00153;-0.00197;-0.02071;0.00012;
1;1;203;8.000;3.000;-3.600;0.04684;-0.00446;0.00882;-0.00195;-0.02070;0.00012;
1;1;204;8.500;3.000;-3.600;0.04684;-0.00440;0.01917;-0.00194;-0.02071;0.00012;
1;1;205;9.000;3.000;-3.600;0.04684;-0.00434;0.02953;-0.00193;-0.02074;0.00012;
1;1;206;9.500;3.000;-3.600;0.04685;-0.00428;0.03993;-0.00193;-0.02084;0.00012;
1;1;207;10.000;3.000;-3.600;0.04685;-0.00422;0.05037;-0.00191;-0.02096;0.00012;
1;1;208;10.500;3.000;-3.600;0.04685;-0.00417;0.06089;-0.00190;-0.02109;0.00012;
1;1;209;11.000;3.000;-3.600;0.04685;-0.00411;0.07146;-0.00188;-0.02123;0.00012;
1;1;210;11.500;3.000;-3.600;0.04685;-0.00405;0.08211;-0.00188;-0.02138;0.00011;
1;1;211;12.000;3.000;-3.600;0.04685;-0.00399;0.09285;-0.00188;-0.02157;0.00011;
1;1;212;12.500;3.000;-3.600;0.04686;-0.00394;0.10371;-0.00190;-0.02186;0.00011;
1;1;213;13.000;3.000;-3.600;0.04686;-0.00388;0.11471;-0.00191;-0.02217;0.00011;
1;1;214;13.500;3.000;-3.600;0.04686;-0.00382;0.12588;-0.00190;-0.02247;0.00011;
1;1;215;14.000;3.000;-3.600;0.04686;-0.00377;0.13719;-0.00187;-0.02277;0.00011;
1;1;216;14.500;3.000;-3.600;0.04686;-0.00371;0.14865;-0.00182;-0.02306;0.00010;
1;1;217;15.000;3.000;-3.600;0.04686;-0.00366;0.16024;-0.00173;-0.02329;0.00010;
1;1;218;0.000;3.500;-3.600;0.04681;-0.00546;-0.16740;-0.00297;-0.02400;0.00010;
1;1;219;0.500;3.500;-3.600;0.04680;-0.00540;-0.15546;-0.00281;-0.02376;0.00011;
1;1;220;1.000;3.500;-3.600;0.04680;-0.00533;-0.14366;-0.00266;-0.02347;0.00012;
1;1;221;1.500;3.500;-3.600;0.04680;-0.00527;-0.13200;-0.00255;-0.02316;0.00012;
1;1;222;2.000;3.500;-3.600;0.04680;-0.00520;-0.12050;-0.00244;-0.02285;0.00012;
1;1;223;2.500;3.500;-3.600;0.04679;-0.00513;-0.10916;-0.00233;-0.02252;0.00012;
1;1;224;3.000;3.500;-3.600;0.04679;-0.00507;-0.09799;-0.00223;-0.02217;0.00012;
1;1;225;3.500;3.500;-3.600;0.04679;-0.00501;-0.08698;-0.00216;-0.02189;0.00012;
1;1;226;4.000;3.500;-3.600;0.04679;-0.00495;-0.07610;-0.00211;-0.02163;0.00012;
1;1;227;4.500;3.500;-3.600;0.04679;-0.00489;-0.06534;-0.00207;-0.02141;0.00012;
1;1;228;5.000;3.500;-3.600;0.04679;-0.00482;-0.05469;-0.00203;-0.02121;0.00012;
1;1;229;5.500;3.500;-3.600;0.04678;-0.00476;-0.04414;-0.00202;-0.02101;0.00012;
1;1;230;6.000;3.500;-3.600;0.04678;-0.00470;-0.03367;-0.00201;-0.02084;0.00013;
1;1;231;6.500;3.500;-3.600;0.04678;-0.00464;-0.02327;-0.00201;-0.02079;0.00012;
1;1;232;7.000;3.500;-3.600;0.04678;-0.00458;-0.01288;-0.00199;-0.02076;0.00012;
1;1;233;7.500;3.500;-3.600;0.04678;-0.00452;-0.00251;-0.00197;-0.02073;0.00012;
1;1;234;8.000;3.500;-3.600;0.04678;-0.00446;0.00785;-0.00195;-0.02072;0.00012;
1;1;235;8.500;3.500;-3.600;0.04678;-0.00440;0.01820;-0.00194;-0.02072;0.00012;
1;1;236;9.000;3.500;-3.600;0.04678;-0.00434;0.02856;-0.00193;-0.02073;0.00012;
1;1;237;9.500;3.500;-3.600;0.04679;-0.00428;0.03896;-0.00194;-0.02084;0.00012;
1;1;238;10.000;3.500;-3.600;0.04679;-0.00422;0.04941;-0.00193;-0.02097;0.00012;
1;1;239;10.500;3.500;-3.600;0.04679;-0.00417;0.05993;-0.00192;-0.02111;0.00012;
1;1;240;11.000;3.500;-3.600;0.04679;-0.00411;0.07052;-0.00190;-0.02125;0.00012;
1;1;241;11.500;3.500;-3.600;0.04679;-0.00405;0.08118;-0.00190;-0.02138;0.00012;
1;1;242;12.000;3.500;-3.600;0.04680;-0.00399;0.09190;-0.00190;-0.02152;0.00012;
1;1;243;12.500;3.500;-3.600;0.04680;-0.00394;0.10274;-0.00194;-0.02184;0.00011;
1;1;244;13.000;3.500;-3.600;0.04680;-0.00388;0.11375;-0.00196;-0.02217;0.00011;
1;1;245;13.500;3.500;-3.600;0.04680;-0.00382;0.12491;-0.00195;-0.02249;0.00011;
1;1;246;14.000;3.500;-3.600;0.04681;-0.00377;0.13623;-0.00192;-0.02281;0.00011;
1;1;247;14.500;3.500;-3.600;0.04681;-0.00371;0.14772;-0.00184;-0.02316;0.00010;
1;1;248;15.000;3.500;-3.600;0.04681;-0.00366;0.15938;-0.00174;-0.02350;0.00009;
1;1;249;0.000;4.000;-3.600;0.04676;-0.00546;-0.16890;-0.00300;-0.02432;0.00008;
1;1;250;0.500;4.000;-3.600;0.04675;-0.00540;-0.15685;-0.00275;-0.02383;0.00013;
1;1;251;1.000;4.000;-3.600;0.04674;-0.00533;-0.14498;-0.00261;-0.02352;0.00013;
1;1;252;1.500;4.000;-3.600;0.04673;-0.00527;-0.13327;-0.00249;-0.02322;0.00013;
1;1;253;2.000;4.000;-3.600;0.04673;-0.00520;-0.12171;-0.00238;-0.02290;0.00013;
1;1;254;2.500;4.000;-3.600;0.04673;-0.00513;-0.11031;-0.00227;-0.02257;0.00013;
1;1;255;3.000;4.000;-3.600;0.04674;-0.00507;-0.09909;-0.00219;-0.02223;0.00011;
1;1;256;3.500;4.000;-3.600;0.04673;-0.00501;-0.08804;-0.00211;-0.02192;0.00012;
1;1;257;4.000;4.000;-3.600;0.04673;-0.00495;-0.07714;-0.00206;-0.02166;0.00012;
1;1;258;4.500;4.000;-3.600;0.04673;-0.00489;-0.06636;-0.00203;-0.02143;0.00012;
1;1;259;5.000;4.000;-3.600;0.04672;-0.00482;-0.05570;-0.00200;-0.02122;0.00012;
1;1;260;5.500;4.000;-3.600;0.04672;-0.00476;-0.04513;-0.00198;-0.02102;0.00012;
1;1;261;6.000;4.000;-3.600;0.04672;-0.00470;-0.03468;-0.00201;-0.02077;0.00013;
1;1;262;6.500;4.000;-3.600;0.04672;-0.00464;-0.02427;-0.00200;-0.02080;0.00012;
1;1;263;7.000;4.000;-3.600;0.04672;-0.00458;-0.01388;-0.00199;-0.02077;0.00012;
1;1;264;7.500;4.000;-3.600;0.04672;-0.00452;-0.00350;-0.00197;-0.02074;0.00012;
1;1;265;8.000;4.000;-3.600;0.04672;-0.00446;0.00687;-0.00195;-0.02073;0.00012;
1;1;266;8.500;4.000;-3.600;0.04672;-0.00440;0.01724;-0.00194;-0.02072;0.00012;
1;1;267;9.000;4.000;-3.600;0.04672;-0.00434;0.02760;-0.00193;-0.02067;0.00013;
1;1;268;9.500;4.000;-3.600;0.04673;-0.00428;0.03798;-0.00196;-0.02085;0.00012;
1;1;269;10.000;4.000;-3.600;0.04673;-0.00422;0.04844;-0.00196;-0.02098;0.00011;
1;1;270;10.500;4.000;-3.600;0.04673;-0.00417;0.05897;-0.00194;-0.02112;0.00011;
1;1;271;11.000;4.000;-3.600;0.04673;-0.00411;0.06957;-0.00192;-0.02126;0.00011;
1;1;272;11.500;4.000;-3.600;0.04674;-0.00405;0.08023;-0.00192;-0.02138;0.00011;
1;1;273;12.000;4.000;-3.600;0.04674;-0.00399;0.09094;-0.00190;-0.02138;0.00012;
1;1;274;12.500;4.000;-3.600;0.04674;-0.00394;0.10176;-0.00200;-0.02184;0.00011;
1;1;275;13.000;4.000;-3.600;0.04675;-0.00388;0.11276;-0.00201;-0.02217;0.00011;
1;1;276;13.500;4.000;-3.600;0.04675;-0.00382;0.12393;-0.00201;-0.02250;0.00011;
1;1;277;14.000;4.000;-3.600;0.04675;-0.00377;0.13526;-0.00198;-0.02282;0.00011;
1;1;278;14.500;4.000;-3.600;0.04676;-0.00371;0.14677;-0.00192;-0.02319;0.00011;
1;1;279;15.000;4.000;-3.600;0.04678;-0.00366;0.15851;-0.00174;-0.02387;0.00007;
;;;;;;;;;;;;
2;1;1;0.000;0.000;-3.600;0.00164;0.13165;-0.12735;0.06104;-0.00027;-0.00003;
2;1;2;0.500;0.000;-3.600;0.00164;0.13163;-0.12678;0.06079;-0.00137;-0.00003;
2;1;3;1.000;0.000;-3.600;0.00164;0.13161;-0.12588;0.06048;-0.00180;-0.00004;
2;1;4;1.500;0.000;-3.600;0.00164;0.13159;-0.12484;0.06013;-0.00199;-0.00004;
2;1;5;2.000;0.000;-3.600;0.00164;0.13157;-0.12374;0.05978;-0.00197;-0.00004;
2;1;6;2.500;0.000;-3.600;0.00165;0.13155;-0.12270;0.05942;-0.00178;-0.00003;
2;1;7;3.000;0.000;-3.600;0.00166;0.13153;-0.12182;0.05906;-0.00127;-0.00002;
2;1;8;3.500;0.000;-3.600;0.00166;0.13152;-0.12111;0.05905;-0.00138;-0.00002;
2;1;9;4.000;0.000;-3.600;0.00167;0.13152;-0.12039;0.05890;-0.00137;-0.00002;
2;1;10;4.500;0.000;-3.600;0.00168;0.13151;-0.11967;0.05874;-0.00134;-0.00001;
2;1;11;5.000;0.000;-3.600;0.00168;0.13150;-0.11897;0.05858;-0.00128;-0.00001;
2;1;12;5.500;0.000;-3.600;0.00169;0.13149;-0.11831;0.05842;-0.00117;-0.00001;
2;1;13;6.000;0.000;-3.600;0.00170;0.13149;-0.11773;0.05823;-0.00093;0.00000;
2;1;14;6.500;0.000;-3.600;0.00171;0.13150;-0.11730;0.05830;-0.00084;0.00001;
2;1;15;7.000;0.000;-3.600;0.00172;0.13150;-0.11690;0.05830;-0.00078;0.00001;
2;1;16;7.500;0.000;-3.600;0.00173;0.13151;-0.11652;0.05830;-0.00073;0.00002;
2;1;17;8.000;0.000;-3.600;0.00174;0.13152;-0.11617;0.05830;-0.00069;0.00002;
2;1;18;8.500;0.000;-3.600;0.00175;0.13154;-0.11583;0.05830;-0.00063;0.00003;
2;1;19;9.000;0.000;-3.600;0.00176;0.13155;-0.11553;0.05823;-0.00055;0.00003;
2;1;20;9.500;0.000;-3.600;0.00177;0.13157;-0.11538;0.05842;-0.00031;0.00004;
2;1;21;10.000;0.000;-3.600;0.00178;0.13159;-0.11530;0.05858;-0.00019;0.00005;
2;1;22;10.500;0.000;-3.600;0.00178;0.13162;-0.11526;0.05875;-0.00013;0.00005;
2;1;23;11.000;0.000;-3.600;0.00179;0.13165;-0.11525;0.05892;-0.00009;0.00005;
2;1;24;11.500;0.000;-3.600;0.00179;0.13167;-0.11524;0.05908;-0.00007;0.00006;
2;1;25;12.000;0.000;-3.600;0.00179;0.13170;-0.11523;0.05910;-0.00012;0.00005;
2;1;26;12.500;0.000;-3.600;0.00180;0.13173;-0.11541;0.05950;0.00035;0.00006;
2;1;27;13.000;0.000;-3.600;0.00180;0.13176;-0.11575;0.05989;0.00056;0.00006;
2;1;28;13.500;0.000;-3.600;0.00180;0.13180;-0.11616;0.06031;0.00067;0.00006;
2;1;29;14.000;0.000;-3.600;0.00180;0.13183;-0.11662;0.06074;0.00074;0.00006;
2;1;30;14.500;0.000;-3.600;0.00180;0.13186;-0.11711;0.06119;0.00080;0.00006;
2;1;31;15.000;0.000;-3.600;0.00179;0.13189;-0.11765;0.06172;0.00095;0.00004;
2;1;32;0.000;0.500;-3.600;0.00166;0.13165;-0.09688;0.06088;-0.00069;-0.00003;
2;1;33;0.500;0.500;-3.600;0.00166;0.13163;-0.09639;0.06068;-0.00124;-0.00003;
2;1;34;1.000;0.500;-3.600;0.00166;0.13161;-0.09566;0.06044;-0.00164;-0.00003;
2;1;35;1.500;0.500;-3.600;0.00166;0.13159;-0.09477;0.06012;-0.00180;-0.00003;
2;1;36;2.000;0.500;-3.600;0.00166;0.13157;-0.09385;0.05979;-0.00181;-0.00003;
2;1;37;2.500;0.500;-3.600;0.00167;0.13155;-0.09299;0.05947;-0.00162;-0.00002;
2;1;38;3.000;0.500;-3.600;0.00167;0.13153;-0.09225;0.05917;-0.00131;-0.00002;
2;1;39;3.500;0.500;-3.600;0.00167;0.13152;-0.09159;0.05905;-0.00130;-0.00002;
2;1;40;4.000;0.500;-3.600;0.00168;0.13151;-0.09094;0.05891;-0.00130;-0.00001;
2;1;41;4.500;0.500;-3.600;0.00168;0.13151;-0.09030;0.05875;-0.00127;-0.00001;
2;1;42;5.000;0.500;-3.600;0.00169;0.13150;-0.08968;0.05860;-0.00121;-0.00001;
2;1;43;5.500;0.500;-3.600;0.00169;0.13149;-0.08910;0.05845;-0.00110;0.00000;
2;1;44;6.000;0.500;-3.600;0.00170;0.13149;-0.08859;0.05831;-0.00093;0.00000;
2;1;45;6.500;0.500;-3.600;0.00171;0.13150;-0.08815;0.05831;-0.00084;0.00001;
2;1;46;7.000;0.500;-3.600;0.00171;0.13150;-0.08774;0.05831;-0.00078;0.00001;
2;1;47;7.500;0.500;-3.600;0.00172;0.13151;-0.08737;0.05831;-0.00073;0.00002;
2;1;48;8.000;0.500;-3.600;0.00173;0.13152;-0.08701;0.05831;-0.00069;0.00002;
2;1;49;8.500;0.500;-3.600;0.00174;0.13153;-0.08668;0.05832;-0.00063;0.00003;
2;1;50;9.000;0.500;-3.600;0.00174;0.13155;-0.08639;0.05832;-0.00054;0.00003;
2;1;51;9.500;0.500;-3.600;0.00175;0.13157;-0.08616;0.05845;-0.00037;0.00004;
2;1;52;10.000;0.500;-3.600;0.00175;0.13159;-0.08600;0.05860;-0.00027;0.00004;
2;1;53;10.500;0.500;-3.600;0.00176;0.13162;-0.08588;0.05876;-0.00021;0.00005;
2;1;54;11.000;0.500;-3.600;0.00176;0.13165;-0.08579;0.05893;-0.00017;0.00005;
2;1;55;11.500;0.500;-3.600;0.00177;0.13167;-0.08570;0.05909;-0.00015;0.00005;
2;1;56;12.000;0.500;-3.600;0.00177;0.13170;-0.08564;0.05922;-0.00012;0.00005;
2;1;57;12.500;0.500;-3.600;0.00177;0.13173;-0.08566;0.05956;0.00018;0.00005;
2;1;58;13.000;0.500;-3.600;0.00177;0.13176;-0.08580;0.05991;0.00037;0.00006;
2;1;59;13.500;0.500;-3.600;0.00177;0.13180;-0.08600;0.06032;0.00047;0.00006;
2;1;60;14.000;0.500;-3.600;0.00177;0.13183;-0.08625;0.06074;0.00053;0.00006;
2;1;61;14.500;0.500;-3.600;0.00177;0.13186;-0.08652;0.06120;0.00058;0.00005;
2;1;62;15.000;0.500;-3.600;0.00177;0.13189;-0.08679;0.06164;0.00054;0.00005;
2;1;63;0.000;1.000;-3.600;0.00167;0.13165;-0.06649;0.06075;-0.00083;-0.00002;
2;1;64;0.500;1.000;-3.600;0.00167;0.13163;-0.06603;0.06063;-0.00106;-0.00003;
2;1;65;1.000;1.000;-3.600;0.00167;0.13161;-0.06545;0.06046;-0.00133;-0.00002;
2;1;66;1.500;1.000;-3.600;0.00168;0.13159;-0.06472;0.06010;-0.00166;-0.00004;
2;1;67;2.000;1.000;-3.600;0.00168;0.13156;-0.06395;0.05975;-0.00150;-0.00003;
2;1;68;2.500;1.000;-3.600;0.00168;0.13155;-0.06325;0.05951;-0.00132;-0.00002;
2;1;69;3.000;1.000;-3.600;0.00168;0.13153;-0.06263;0.05925;-0.00118;-0.00002;
2;1;70;3.500;1.000;-3.600;0.00168;0.13152;-0.06205;0.05910;-0.00115;-0.00001;
2;1;71;4.000;1.000;-3.600;0.00168;0.13151;-0.06148;0.05893;-0.00113;-0.00001;
2;1;72;4.500;1.000;-3.600;0.00169;0.13150;-0.06092;0.05877;-0.00110;-0.00001;
2;1;73;5.000;1.000;-3.600;0.00169;0.13150;-0.06038;0.05862;-0.00105;0.00000;
2;1;74;5.500;1.000;-3.600;0.00170;0.13149;-0.05987;0.05849;-0.00097;0.00000;
2;1;75;6.000;1.000;-3.600;0.00170;0.13149;-0.05941;0.05838;-0.00088;0.00000;
2;1;76;6.500;1.000;-3.600;0.00170;0.13149;-0.05898;0.05835;-0.00082;0.00001;
2;1;77;7.000;1.000;-3.600;0.00171;0.13150;-0.05859;0.05833;-0.00077;0.00001;
2;1;78;7.500;1.000;-3.600;0.00171;0.13151;-0.05821;0.05832;-0.00073;0.00002;
2;1;79;8.000;1.000;-3.600;0.00172;0.13152;-0.05785;0.05833;-0.00069;0.00002;
2;1;80;8.500;1.000;-3.600;0.00172;0.13153;-0.05752;0.05835;-0.00065;0.00003;
2;1;81;9.000;1.000;-3.600;0.00173;0.13155;-0.05721;0.05838;-0.00059;0.00003;
2;1;82;9.500;1.000;-3.600;0.00173;0.13157;-0.05693;0.05849;-0.00051;0.00004;
2;1;83;10.000;1.000;-3.600;0.00173;0.13159;-0.05670;0.05862;-0.00043;0.00004;
2;1;84;10.500;1.000;-3.600;0.00174;0.13162;-0.05650;0.05878;-0.00039;0.00004;
2;1;85;11.000;1.000;-3.600;0.00174;0.13164;-0.05632;0.05895;-0.00035;0.00005;
2;1;86;11.500;1.000;-3.600;0.00174;0.13167;-0.05615;0.05913;-0.00033;0.00005;
2;1;87;12.000;1.000;-3.600;0.00174;0.13170;-0.05600;0.05931;-0.00029;0.00005;
2;1;88;12.500;1.000;-3.600;0.00174;0.13173;-0.05588;0.05960;-0.00015;0.00005;
2;1;89;13.000;1.000;-3.600;0.00174;0.13176;-0.05584;0.05994;-0.00003;0.00005;
2;1;90;13.500;1.000;-3.600;0.00175;0.13180;-0.05585;0.06032;0.00004;0.00005;
2;1;91;14.000;1.000;-3.600;0.00175;0.13183;-0.05588;0.06073;0.00009;0.00005;
2;1;92;14.500;1.000;-3.600;0.00175;0.13186;-0.05593;0.06116;0.00010;0.00005;
2;1;93;15.000;1.000;-3.600;0.00175;0.13189;-0.05598;0.06158;0.00011;0.00005;
2;1;94;0.000;1.500;-3.600;0.00168;0.13165;-0.03615;0.06068;-0.00086;-0.00002;
2;1;95;0.500;1.500;-3.600;0.00168;0.13163;-0.03570;0.06057;-0.00094;-0.00003;
2;1;96;1.000;1.500;-3.600;0.00168;0.13162;-0.03522;0.06055;-0.00097;-0.00002;
2;1;98;2.000;1.500;-3.600;0.00169;0.13156;-0.03405;0.05964;-0.00108;-0.00001;
2;1;99;2.500;1.500;-3.600;0.00169;0.13155;-0.03351;0.05955;-0.00107;-0.00002;
2;1;100;3.000;1.500;-3.600;0.00169;0.13154;-0.03299;0.05930;-0.00101;-0.00002;
2;1;101;3.500;1.500;-3.600;0.00169;0.13152;-0.03249;0.05913;-0.00098;-0.00001;
2;1;102;4.000;1.500;-3.600;0.00169;0.13151;-0.03200;0.05895;-0.00096;-0.00001;
2;1;103;4.500;1.500;-3.600;0.00169;0.13150;-0.03153;0.05879;-0.00094;-0.00001;
2;1;104;5.000;1.500;-3.600;0.00169;0.13150;-0.03107;0.05864;-0.00090;0.00000;
2;1;105;5.500;1.500;-3.600;0.00170;0.13149;-0.03062;0.05852;-0.00086;0.00000;
2;1;106;6.000;1.500;-3.600;0.00170;0.13149;-0.03020;0.05841;-0.00082;0.00000;
2;1;107;6.500;1.500;-3.600;0.00170;0.13149;-0.02980;0.05838;-0.00078;0.00001;
2;1;108;7.000;1.500;-3.600;0.00170;0.13150;-0.02942;0.05834;-0.00076;0.00001;
2;1;109;7.500;1.500;-3.600;0.00170;0.13151;-0.02905;0.05833;-0.00073;0.00002;
2;1;110;8.000;1.500;-3.600;0.00171;0.13152;-0.02869;0.05834;-0.00071;0.00002;
2;1;111;8.500;1.500;-3.600;0.00171;0.13153;-0.02834;0.05837;-0.00068;0.00003;
2;1;112;9.000;1.500;-3.600;0.00171;0.13155;-0.02801;0.05841;-0.00066;0.00003;
2;1;113;9.500;1.500;-3.600;0.00171;0.13157;-0.02769;0.05852;-0.00062;0.00004;
2;1;114;10.000;1.500;-3.600;0.00171;0.13159;-0.02739;0.05864;-0.00058;0.00004;
2;1;115;10.500;1.500;-3.600;0.00171;0.13162;-0.02711;0.05879;-0.00055;0.00004;
2;1;116;11.000;1.500;-3.600;0.00172;0.13164;-0.02684;0.05897;-0.00053;0.00004;
2;1;117;11.500;1.500;-3.600;0.00172;0.13167;-0.02657;0.05916;-0.00052;0.00005;
2;1;118;12.000;1.500;-3.600;0.00172;0.13170;-0.02632;0.05935;-0.00050;0.00005;
2;1;119;12.500;1.500;-3.600;0.00172;0.13173;-0.02608;0.05964;-0.00044;0.00005;
2;1;120;13.000;1.500;-3.600;0.00172;0.13176;-0.02587;0.05995;-0.00039;0.00005;
2;1;121;13.500;1.500;-3.600;0.00172;0.13180;-0.02569;0.06032;-0.00035;0.00005;
2;1;122;14.000;1.500;-3.600;0.00172;0.13183;-0.02552;0.06072;-0.00033;0.00005;
2;1;123;14.500;1.500;-3.600;0.00172;0.13186;-0.02536;0.06114;-0.00032;0.00005;
2;1;124;15.000;1.500;-3.600;0.00172;0.13189;-0.02520;0.06154;-0.00032;0.00005;
2;1;125;0.000;2.000;-3.600;0.00169;0.13165;-0.00584;0.06064;-0.00085;-0.00002;
2;1;126;0.500;2.000;-3.600;0.00169;0.13163;-0.00541;0.06055;-0.00085;-0.00003;
2;1;127;1.000;2.000;-3.600;0.00169;0.13161;-0.00498;0.06043;-0.00080;-0.00003;
2;1;128;1.500;2.000;-3.600;0.00169;0.13159;-0.00456;0.06011;-0.00068;-0.00004;
2;1;129;2.000;2.000;-3.600;0.00169;0.13156;-0.00416;0.05977;-0.00077;-0.00002;
2;1;130;2.500;2.000;-3.600;0.00169;0.13155;-0.00374;0.05956;-0.00083;-0.00002;
2;1;131;3.000;2.000;-3.600;0.00169;0.13154;-0.00333;0.05932;-0.00082;-0.00002;
2;1;132;3.500;2.000;-3.600;0.00169;0.13152;-0.00292;0.05915;-0.00080;-0.00001;
2;1;133;4.000;2.000;-3.600;0.00169;0.13151;-0.00252;0.05897;-0.00079;-0.00001;
2;1;134;4.500;2.000;-3.600;0.00169;0.13150;-0.00213;0.05880;-0.00078;-0.00001;
2;1;135;5.000;2.000;-3.600;0.00169;0.13150;-0.00175;0.05865;-0.00077;0.00000;
2;1;136;5.500;2.000;-3.600;0.00169;0.13149;-0.00137;0.05853;-0.00076;0.00000;
2;1;137;6.000;2.000;-3.600;0.00169;0.13149;-0.00099;0.05842;-0.00075;0.00000;
2;1;138;6.500;2.000;-3.600;0.00169;0.13149;-0.00062;0.05838;-0.00074;0.00001;
2;1;139;7.000;2.000;-3.600;0.00169;0.13150;-0.00025;0.05835;-0.00074;0.00001;
2;1;140;7.500;2.000;-3.600;0.00169;0.13151;0.00012;0.05834;-0.00073;0.00002;
2;1;141;8.000;2.000;-3.600;0.00169;0.13152;0.00049;0.05835;-0.00073;0.00002;
2;1;142;8.500;2.000;-3.600;0.00169;0.13153;0.00085;0.05838;-0.00073;0.00003;
2;1;143;9.000;2.000;-3.600;0.00169;0.13155;0.00121;0.05842;-0.00072;0.00003;
2;1;144;9.500;2.000;-3.600;0.00169;0.13157;0.00157;0.05853;-0.00072;0.00004;
2;1;145;10.000;2.000;-3.600;0.00169;0.13159;0.00193;0.05865;-0.00072;0.00004;
2;1;146;10.500;2.000;-3.600;0.00169;0.13162;0.00229;0.05880;-0.00072;0.00004;
2;1;147;11.000;2.000;-3.600;0.00169;0.13164;0.00265;0.05898;-0.00072;0.00004;
2;1;148;11.500;2.000;-3.600;0.00169;0.13167;0.00301;0.05917;-0.00072;0.00005;
2;1;149;12.000;2.000;-3.600;0.00169;0.13170;0.00337;0.05937;-0.00072;0.00005;
2;1;150;12.500;2.000;-3.600;0.00169;0.13173;0.00374;0.05965;-0.00073;0.00005;
2;1;151;13.000;2.000;-3.600;0.00169;0.13176;0.00410;0.05996;-0.00073;0.00005;
2;1;152;13.500;2.000;-3.600;0.00169;0.13180;0.00447;0.06032;-0.00074;0.00005;
2;1;153;14.000;2.000;-3.600;0.00169;0.13183;0.00484;0.06072;-0.00074;0.00005;
2;1;154;14.500;2.000;-3.600;0.00169;0.13186;0.00521;0.06113;-0.00074;0.00005;
2;1;155;15.000;2.000;-3.600;0.00169;0.13189;0.00558;0.06153;-0.00075;0.00005;
2;1;156;0.000;2.500;-3.600;0.00170;0.13165;0.02446;0.06065;-0.00084;-0.00003;
2;1;157;0.500;2.500;-3.600;0.00170;0.13163;0.02487;0.06054;-0.00074;-0.00003;
2;1;158;1.000;2.500;-3.600;0.00170;0.13161;0.02521;0.06037;-0.00063;-0.00003;
2;1;159;1.500;2.500;-3.600;0.00170;0.13159;0.02550;0.06012;-0.00056;-0.00003;
2;1;160;2.000;2.500;-3.600;0.00170;0.13157;0.02576;0.05984;-0.00054;-0.00003;
2;1;161;2.500;2.500;-3.600;0.00170;0.13155;0.02604;0.05957;-0.00058;-0.00002;
2;1;162;3.000;2.500;-3.600;0.00170;0.13154;0.02634;0.05932;-0.00062;-0.00002;
2;1;163;3.500;2.500;-3.600;0.00170;0.13152;0.02665;0.05915;-0.00062;-0.00002;
2;1;164;4.000;2.500;-3.600;0.00170;0.13151;0.02696;0.05896;-0.00061;-0.00001;
2;1;165;4.500;2.500;-3.600;0.00170;0.13150;0.02726;0.05879;-0.00061;-0.00001;
2;1;166;5.000;2.500;-3.600;0.00170;0.13150;0.02757;0.05864;-0.00063;0.00000;
2;1;167;5.500;2.500;-3.600;0.00169;0.13149;0.02789;0.05852;-0.00065;0.00000;
2;1;168;6.000;2.500;-3.600;0.00169;0.13149;0.02823;0.05841;-0.00068;0.00000;
2;1;169;6.500;2.500;-3.600;0.00169;0.13149;0.02857;0.05838;-0.00070;0.00001;
2;1;170;7.000;2.500;-3.600;0.00169;0.13150;0.02893;0.05835;-0.00072;0.00001;
2;1;171;7.500;2.500;-3.600;0.00169;0.13151;0.02929;0.05834;-0.00073;0.00002;
2;1;172;8.000;2.500;-3.600;0.00168;0.13152;0.02966;0.05834;-0.00075;0.00002;
2;1;173;8.500;2.500;-3.600;0.00168;0.13153;0.03004;0.05838;-0.00077;0.00003;
2;1;174;9.000;2.500;-3.600;0.00168;0.13155;0.03043;0.05841;-0.00079;0.00003;
2;1;175;9.500;2.500;-3.600;0.00168;0.13157;0.03083;0.05852;-0.00083;0.00004;
2;1;176;10.000;2.500;-3.600;0.00167;0.13159;0.03125;0.05864;-0.00086;0.00004;
2;1;177;10.500;2.500;-3.600;0.00167;0.13162;0.03169;0.05879;-0.00089;0.00004;
2;1;178;11.000;2.500;-3.600;0.00167;0.13164;0.03214;0.05897;-0.00091;0.00004;
2;1;179;11.500;2.500;-3.600;0.00167;0.13167;0.03260;0.05916;-0.00093;0.00005;
2;1;180;12.000;2.500;-3.600;0.00167;0.13170;0.03306;0.05935;-0.00095;0.00005;
2;1;181;12.500;2.500;-3.600;0.00167;0.13173;0.03355;0.05964;-0.00101;0.00005;
2;1;182;13.000;2.500;-3.600;0.00167;0.13176;0.03407;0.05995;-0.00107;0.00005;
2;1;183;13.500;2.500;-3.600;0.00167;0.13180;0.03462;0.06032;-0.00112;0.00005;
2;1;184;14.000;2.500;-3.600;0.00167;0.13183;0.03519;0.06072;-0.00115;0.00005;
2;1;185;14.500;2.500;-3.600;0.00167;0.13186;0.03577;0.06114;-0.00117;0.00005;
2;1;186;15.000;2.500;-3.600;0.00167;0.13189;0.03635;0.06154;-0.00118;0.00005;
2;1;187;0.000;3.000;-3.600;0.00172;0.13165;0.05478;0.06071;-0.00087;-0.00003;
2;1;188;0.500;3.000;-3.600;0.00172;0.13163;0.05516;0.06058;-0.00062;-0.00003;
2;1;189;1.000;3.000;-3.600;0.00172;0.13161;0.05541;0.06039;-0.00039;-0.00003;
2;1;190;1.500;3.000;-3.600;0.00172;0.13159;0.05556;0.06012;-0.00026;-0.00003;
2;1;191;2.000;3.000;-3.600;0.00172;0.13157;0.05568;0.05983;-0.00025;-0.00003;
2;1;192;2.500;3.000;-3.600;0.00172;0.13155;0.05582;0.05955;-0.00033;-0.00002;
2;1;193;3.000;3.000;-3.600;0.00171;0.13154;0.05601;0.05929;-0.00043;-0.00002;
2;1;194;3.500;3.000;-3.600;0.00171;0.13152;0.05622;0.05913;-0.00044;-0.00002;
2;1;195;4.000;3.000;-3.600;0.00171;0.13151;0.05644;0.05895;-0.00044;-0.00001;
2;1;196;4.500;3.000;-3.600;0.00170;0.13150;0.05666;0.05879;-0.00045;-0.00001;
2;1;197;5.000;3.000;-3.600;0.00170;0.13150;0.05689;0.05863;-0.00048;-0.00001;
2;1;198;5.500;3.000;-3.600;0.00169;0.13149;0.05714;0.05850;-0.00054;0.00000;
2;1;199;6.000;3.000;-3.600;0.00169;0.13149;0.05743;0.05838;-0.00062;0.00000;
2;1;200;6.500;3.000;-3.600;0.00169;0.13149;0.05775;0.05835;-0.00066;0.00001;
2;1;201;7.000;3.000;-3.600;0.00168;0.13150;0.05809;0.05833;-0.00070;0.00001;
2;1;202;7.500;3.000;-3.600;0.00168;0.13151;0.05845;0.05833;-0.00073;0.00002;
2;1;203;8.000;3.000;-3.600;0.00167;0.13152;0.05882;0.05833;-0.00076;0.00002;
2;1;204;8.500;3.000;-3.600;0.00167;0.13153;0.05922;0.05835;-0.00080;0.00003;
2;1;205;9.000;3.000;-3.600;0.00166;0.13155;0.05963;0.05838;-0.00085;0.00003;
2;1;206;9.500;3.000;-3.600;0.00166;0.13157;0.06008;0.05849;-0.00093;0.00004;
2;1;207;10.000;3.000;-3.600;0.00165;0.13159;0.06056;0.05862;-0.00100;0.00004;
2;1;208;10.500;3.000;-3.600;0.00165;0.13162;0.06108;0.05878;-0.00105;0.00004;
2;1;209;11.000;3.000;-3.600;0.00165;0.13164;0.06162;0.05895;-0.00109;0.00005;
2;1;210;11.500;3.000;-3.600;0.00165;0.13167;0.06217;0.05913;-0.00112;0.00005;
2;1;211;12.000;3.000;-3.600;0.00164;0.13170;0.06274;0.05931;-0.00116;0.00005;
2;1;212;12.500;3.000;-3.600;0.00164;0.13173;0.06335;0.05960;-0.00130;0.00005;
2;1;213;13.000;3.000;-3.600;0.00164;0.13176;0.06404;0.05993;-0.00143;0.00005;
2;1;214;13.500;3.000;-3.600;0.00164;0.13180;0.06478;0.06032;-0.00151;0.00005;
2;1;215;14.000;3.000;-3.600;0.00164;0.13183;0.06555;0.06073;-0.00157;0.00005;
2;1;216;14.500;3.000;-3.600;0.00164;0.13186;0.06634;0.06116;-0.00159;0.00005;
2;1;217;15.000;3.000;-3.600;0.00164;0.13189;0.06714;0.06157;-0.00161;0.00005;
2;1;218;0.000;3.500;-3.600;0.00174;0.13165;0.08514;0.06082;-0.00100;-0.00004;
2;1;219;0.500;3.500;-3.600;0.00174;0.13163;0.08550;0.06065;-0.00047;-0.00004;
2;1;220;1.000;3.500;-3.600;0.00174;0.13161;0.08562;0.06044;-0.00011;-0.00004;
2;1;221;1.500;3.500;-3.600;0.00174;0.13159;0.08563;0.06013;0.00006;-0.00003;
2;1;222;2.000;3.500;-3.600;0.00173;0.13157;0.08559;0.05981;0.00008;-0.00003;
2;1;223;2.500;3.500;-3.600;0.00173;0.13155;0.08557;0.05951;-0.00004;-0.00003;
2;1;224;3.000;3.500;-3.600;0.00172;0.13154;0.08564;0.05921;-0.00029;-0.00002;
2;1;225;3.500;3.500;-3.600;0.00172;0.13152;0.08578;0.05909;-0.00028;-0.00002;
2;1;226;4.000;3.500;-3.600;0.00171;0.13151;0.08591;0.05894;-0.00026;-0.00002;
2;1;227;4.500;3.500;-3.600;0.00171;0.13151;0.08605;0.05877;-0.00028;-0.00001;
2;1;228;5.000;3.500;-3.600;0.00170;0.13150;0.08620;0.05861;-0.00032;-0.00001;
2;1;229;5.500;3.500;-3.600;0.00169;0.13149;0.08638;0.05846;-0.00041;0.00000;
2;1;230;6.000;3.500;-3.600;0.00169;0.13149;0.08662;0.05832;-0.00057;0.00000;
2;1;231;6.500;3.500;-3.600;0.00168;0.13150;0.08692;0.05832;-0.00065;0.00001;
2;1;232;7.000;3.500;-3.600;0.00167;0.13150;0.08725;0.05832;-0.00069;0.00001;
2;1;233;7.500;3.500;-3.600;0.00167;0.13151;0.08761;0.05831;-0.00073;0.00002;
2;1;234;8.000;3.500;-3.600;0.00166;0.13152;0.08798;0.05831;-0.00077;0.00002;
2;1;235;8.500;3.500;-3.600;0.00165;0.13153;0.08838;0.05832;-0.00082;0.00003;
2;1;236;9.000;3.500;-3.600;0.00165;0.13155;0.08881;0.05832;-0.00090;0.00003;
2;1;237;9.500;3.500;-3.600;0.00164;0.13157;0.08931;0.05846;-0.00107;0.00004;
2;1;238;10.000;3.500;-3.600;0.00163;0.13159;0.08987;0.05860;-0.00117;0.00004;
2;1;239;10.500;3.500;-3.600;0.00163;0.13162;0.09046;0.05876;-0.00123;0.00005;
2;1;240;11.000;3.500;-3.600;0.00162;0.13165;0.09109;0.05893;-0.00126;0.00005;
2;1;241;11.500;3.500;-3.600;0.00162;0.13167;0.09172;0.05908;-0.00129;0.00005;
2;1;242;12.000;3.500;-3.600;0.00162;0.13170;0.09238;0.05922;-0.00133;0.00005;
2;1;243;12.500;3.500;-3.600;0.00162;0.13173;0.09313;0.05955;-0.00163;0.00005;
2;1;244;13.000;3.500;-3.600;0.00161;0.13176;0.09399;0.05991;-0.00182;0.00006;
2;1;245;13.500;3.500;-3.600;0.00161;0.13180;0.09493;0.06031;-0.00194;0.00006;
2;1;246;14.000;3.500;-3.600;0.00161;0.13183;0.09591;0.06073;-0.00201;0.00006;
2;1;247;14.500;3.500;-3.600;0.00161;0.13186;0.09693;0.06119;-0.00207;0.00005;
2;1;248;15.000;3.500;-3.600;0.00161;0.13189;0.09795;0.06164;-0.00205;0.00005;
2;1;249;0.000;4.000;-3.600;0.00176;0.13165;0.11558;0.06098;-0.00143;-0.00004;
2;1;250;0.500;4.000;-3.600;0.00176;0.13163;0.11588;0.06076;-0.00035;-0.00004;
2;1;251;1.000;4.000;-3.600;0.00176;0.13161;0.11585;0.06048;0.00004;-0.00004;
2;1;252;1.500;4.000;-3.600;0.00175;0.13159;0.11570;0.06015;0.00021;-0.00004;
2;1;253;2.000;4.000;-3.600;0.00175;0.13157;0.11549;0.05980;0.00024;-0.00004;
2;1;254;2.500;4.000;-3.600;0.00174;0.13155;0.11530;0.05946;0.00011;-0.00003;
2;1;255;3.000;4.000;-3.600;0.00174;0.13154;0.11523;0.05910;-0.00031;-0.00002;
2;1;256;3.500;4.000;-3.600;0.00173;0.13152;0.11532;0.05909;-0.00020;-0.00002;
2;1;257;4.000;4.000;-3.600;0.00172;0.13151;0.11538;0.05893;-0.00018;-0.00002;
2;1;258;4.500;4.000;-3.600;0.00172;0.13151;0.11543;0.05877;-0.00020;-0.00001;
2;1;259;5.000;4.000;-3.600;0.00171;0.13150;0.11550;0.05860;-0.00024;-0.00001;
2;1;260;5.500;4.000;-3.600;0.00170;0.13149;0.11559;0.05843;-0.00034;0.00000;
2;1;261;6.000;4.000;-3.600;0.00169;0.13149;0.11576;0.05823;-0.00056;0.00000;
2;1;262;6.500;4.000;-3.600;0.00168;0.13150;0.11607;0.05830;-0.00064;0.00001;
2;1;263;7.000;4.000;-3.600;0.00167;0.13150;0.11641;0.05830;-0.00069;0.00001;
2;1;264;7.500;4.000;-3.600;0.00166;0.13151;0.11676;0.05830;-0.00073;0.00002;
2;1;265;8.000;4.000;-3.600;0.00165;0.13152;0.11714;0.05830;-0.00077;0.00002;
2;1;266;8.500;4.000;-3.600;0.00164;0.13154;0.11753;0.05830;-0.00082;0.00003;
2;1;267;9.000;4.000;-3.600;0.00163;0.13155;0.11795;0.05823;-0.00090;0.00003;
2;1;268;9.500;4.000;-3.600;0.00162;0.13157;0.11852;0.05842;-0.00114;0.00004;
2;1;269;10.000;4.000;-3.600;0.00161;0.13160;0.11916;0.05858;-0.00125;0.00005;
2;1;270;10.500;4.000;-3.600;0.00160;0.13162;0.11984;0.05875;-0.00131;0.00005;
2;1;271;11.000;4.000;-3.600;0.00160;0.13165;0.12055;0.05892;-0.00134;0.00005;
2;1;272;11.500;4.000;-3.600;0.00159;0.13167;0.12126;0.05907;-0.00137;0.00006;
2;1;273;12.000;4.000;-3.600;0.00159;0.13170;0.12197;0.05909;-0.00134;0.00005;
2;1;274;12.500;4.000;-3.600;0.00159;0.13173;0.12288;0.05950;-0.00180;0.00006;
2;1;275;13.000;4.000;-3.600;0.00158;0.13176;0.12394;0.05988;-0.00202;0.00006;
2;1;276;13.500;4.000;-3.600;0.00158;0.13180;0.12509;0.06030;-0.00214;0.00006;
2;1;277;14.000;4.000;-3.600;0.00158;0.13183;0.12628;0.06073;-0.00222;0.00006;
2;1;278;14.500;4.000;-3.600;0.00158;0.13186;0.12751;0.06119;-0.00229;0.00006;
2;1;279;15.000;4.000;-3.600;0.00159;0.13190;0.12880;0.06172;-0.00248;0.00004;
;;;;;;;;;;;;
3;1;1;0.000;0.000;-3.600;0.00820;0.05377;-0.07471;0.02499;-0.00530;0.00054;
3;1;2;0.500;0.000;-3.600;0.00820;0.05406;-0.07239;0.02485;-0.00422;0.00056;
3;1;3;1.000;0.000;-3.600;0.00820;0.05434;-0.07040;0.02478;-0.00382;0.00056;
3;1;4;1.500;0.000;-3.600;0.00820;0.05462;-0.06855;0.02477;-0.00359;0.00056;
3;1;5;2.000;0.000;-3.600;0.00819;0.05490;-0.06680;0.02478;-0.00343;0.00056;
3;1;6;2.500;0.000;-3.600;0.00819;0.05518;-0.06512;0.02480;-0.00332;0.00056;
3;1;7;3.000;0.000;-3.600;0.00819;0.05546;-0.06349;0.02482;-0.00322;0.00053;
3;1;8;3.500;0.000;-3.600;0.00819;0.05574;-0.06193;0.02492;-0.00313;0.00056;
3;1;9;4.000;0.000;-3.600;0.00819;0.05602;-0.06041;0.02501;-0.00305;0.00056;
3;1;10;4.500;0.000;-3.600;0.00819;0.05630;-0.05892;0.02511;-0.00299;0.00056;
3;1;11;5.000;0.000;-3.600;0.00819;0.05659;-0.05746;0.02520;-0.00294;0.00056;
3;1;12;5.500;0.000;-3.600;0.00820;0.05687;-0.05602;0.02528;-0.00291;0.00056;
3;1;13;6.000;0.000;-3.600;0.00819;0.05715;-0.05458;0.02531;-0.00296;0.00054;
3;1;14;6.500;0.000;-3.600;0.00820;0.05743;-0.05322;0.02543;-0.00269;0.00057;
3;1;15;7.000;0.000;-3.600;0.00820;0.05772;-0.05194;0.02557;-0.00257;0.00057;
3;1;16;7.500;0.000;-3.600;0.00821;0.05801;-0.05072;0.02572;-0.00250;0.00057;
3;1;17;8.000;0.000;-3.600;0.00821;0.05829;-0.04951;0.02587;-0.00247;0.00057;
3;1;18;8.500;0.000;-3.600;0.00821;0.05858;-0.04831;0.02600;-0.00249;0.00057;
3;1;19;9.000;0.000;-3.600;0.00821;0.05887;-0.04707;0.02607;-0.00266;0.00055;
3;1;20;9.500;0.000;-3.600;0.00822;0.05916;-0.04589;0.02624;-0.00233;0.00058;
3;1;21;10.000;0.000;-3.600;0.00822;0.05945;-0.04482;0.02644;-0.00220;0.00058;
3;1;22;10.500;0.000;-3.600;0.00822;0.05975;-0.04379;0.02666;-0.00216;0.00058;
3;1;23;11.000;0.000;-3.600;0.00823;0.06004;-0.04276;0.02688;-0.00216;0.00058;
3;1;24;11.500;0.000;-3.600;0.00823;0.06033;-0.04172;0.02708;-0.00223;0.00058;
3;1;25;12.000;0.000;-3.600;0.00822;0.06063;-0.04060;0.02717;-0.00249;0.00055;
3;1;26;12.500;0.000;-3.600;0.00823;0.06092;-0.03954;0.02742;-0.00214;0.00059;
3;1;27;13.000;0.000;-3.600;0.00823;0.06122;-0.03857;0.02769;-0.00209;0.00059;
3;1;28;13.500;0.000;-3.600;0.00823;0.06151;-0.03758;0.02797;-0.00219;0.00059;
3;1;29;14.000;0.000;-3.600;0.00823;0.06181;-0.03650;0.02823;-0.00244;0.00059;
3;1;30;14.500;0.000;-3.600;0.00823;0.06211;-0.03524;0.02841;-0.00298;0.00059;
3;1;31;15.000;0.000;-3.600;0.00823;0.06241;-0.03354;0.02850;-0.00448;0.00056;
3;1;32;0.000;0.500;-3.600;0.00792;0.05377;-0.06216;0.02511;-0.00461;0.00056;
3;1;33;0.500;0.500;-3.600;0.00792;0.05406;-0.05997;0.02496;-0.00417;0.00056;
3;1;34;1.000;0.500;-3.600;0.00791;0.05434;-0.05800;0.02483;-0.00380;0.00056;
3;1;35;1.500;0.500;-3.600;0.00791;0.05462;-0.05616;0.02480;-0.00358;0.00056;
3;1;36;2.000;0.500;-3.600;0.00791;0.05490;-0.05441;0.02479;-0.00343;0.00056;
3;1;37;2.500;0.500;-3.600;0.00791;0.05519;-0.05272;0.02481;-0.00334;0.00055;
3;1;38;3.000;0.500;-3.600;0.00791;0.05546;-0.05107;0.02485;-0.00327;0.00055;
3;1;39;3.500;0.500;-3.600;0.00791;0.05574;-0.04946;0.02494;-0.00317;0.00055;
3;1;40;4.000;0.500;-3.600;0.00791;0.05602;-0.04790;0.02503;-0.00310;0.00056;
3;1;41;4.500;0.500;-3.600;0.00791;0.05630;-0.04636;0.02512;-0.00303;0.00056;
3;1;42;5.000;0.500;-3.600;0.00791;0.05659;-0.04486;0.02521;-0.00298;0.00056;
3;1;43;5.500;0.500;-3.600;0.00791;0.05687;-0.04338;0.02529;-0.00295;0.00056;
3;1;44;6.000;0.500;-3.600;0.00792;0.05715;-0.04192;0.02535;-0.00292;0.00056;
3;1;45;6.500;0.500;-3.600;0.00792;0.05743;-0.04050;0.02546;-0.00275;0.00056;
3;1;46;7.000;0.500;-3.600;0.00792;0.05772;-0.03916;0.02558;-0.00264;0.00057;
3;1;47;7.500;0.500;-3.600;0.00792;0.05801;-0.03786;0.02573;-0.00257;0.00057;
3;1;48;8.000;0.500;-3.600;0.00792;0.05829;-0.03658;0.02587;-0.00254;0.00057;
3;1;49;8.500;0.500;-3.600;0.00792;0.05858;-0.03531;0.02600;-0.00256;0.00057;
3;1;50;9.000;0.500;-3.600;0.00793;0.05887;-0.03402;0.02611;-0.00260;0.00057;
3;1;51;9.500;0.500;-3.600;0.00793;0.05916;-0.03277;0.02627;-0.00242;0.00057;
3;1;52;10.000;0.500;-3.600;0.00793;0.05945;-0.03159;0.02646;-0.00231;0.00058;
3;1;53;10.500;0.500;-3.600;0.00793;0.05975;-0.03045;0.02667;-0.00226;0.00058;
3;1;54;11.000;0.500;-3.600;0.00793;0.06004;-0.02932;0.02688;-0.00227;0.00058;
3;1;55;11.500;0.500;-3.600;0.00793;0.06033;-0.02818;0.02707;-0.00233;0.00058;
3;1;56;12.000;0.500;-3.600;0.00793;0.06063;-0.02700;0.02722;-0.00243;0.00058;
3;1;57;12.500;0.500;-3.600;0.00794;0.06092;-0.02583;0.02745;-0.00227;0.00058;
3;1;58;13.000;0.500;-3.600;0.00794;0.06122;-0.02472;0.02769;-0.00222;0.00058;
3;1;59;13.500;0.500;-3.600;0.00794;0.06151;-0.02360;0.02794;-0.00230;0.00059;
3;1;60;14.000;0.500;-3.600;0.00794;0.06181;-0.02240;0.02816;-0.00254;0.00059;
3;1;61;14.500;0.500;-3.600;0.00794;0.06211;-0.02103;0.02825;-0.00304;0.00058;
3;1;62;15.000;0.500;-3.600;0.00794;0.06241;-0.01936;0.02829;-0.00373;0.00058;
3;1;63;0.000;1.000;-3.600;0.00764;0.05377;-0.04955;0.02520;-0.00416;0.00056;
3;1;64;0.500;1.000;-3.600;0.00764;0.05406;-0.04751;0.02500;-0.00396;0.00056;
3;1;65;1.000;1.000;-3.600;0.00763;0.05434;-0.04558;0.02488;-0.00380;0.00056;
3;1;66;1.500;1.000;-3.600;0.00763;0.05462;-0.04375;0.02484;-0.00357;0.00056;
3;1;67;2.000;1.000;-3.600;0.00763;0.05490;-0.04201;0.02479;-0.00342;0.00056;
3;1;68;2.500;1.000;-3.600;0.00763;0.05518;-0.04032;0.02481;-0.00338;0.00056;
3;1;69;3.000;1.000;-3.600;0.00763;0.05546;-0.03864;0.02487;-0.00334;0.00056;
3;1;70;3.500;1.000;-3.600;0.00763;0.05574;-0.03699;0.02495;-0.00327;0.00056;
3;1;71;4.000;1.000;-3.600;0.00763;0.05602;-0.03538;0.02504;-0.00319;0.00056;
3;1;72;4.500;1.000;-3.600;0.00763;0.05630;-0.03380;0.02514;-0.00313;0.00056;
3;1;73;5.000;1.000;-3.600;0.00763;0.05659;-0.03225;0.02523;-0.00307;0.00056;
3;1;74;5.500;1.000;-3.600;0.00763;0.05687;-0.03073;0.02531;-0.00302;0.00056;
3;1;75;6.000;1.000;-3.600;0.00763;0.05715;-0.02923;0.02538;-0.00297;0.00056;
3;1;76;6.500;1.000;-3.600;0.00763;0.05743;-0.02777;0.02548;-0.00287;0.00057;
3;1;77;7.000;1.000;-3.600;0.00763;0.05772;-0.02636;0.02560;-0.00278;0.00057;
3;1;78;7.500;1.000;-3.600;0.00764;0.05801;-0.02499;0.02574;-0.00272;0.00057;
3;1;79;8.000;1.000;-3.600;0.00764;0.05829;-0.02364;0.02588;-0.00269;0.00057;
3;1;80;8.500;1.000;-3.600;0.00764;0.05858;-0.02230;0.02601;-0.00269;0.00057;
3;1;81;9.000;1.000;-3.600;0.00764;0.05887;-0.02096;0.02613;-0.00268;0.00057;
3;1;82;9.500;1.000;-3.600;0.00764;0.05916;-0.01964;0.02629;-0.00259;0.00058;
3;1;83;10.000;1.000;-3.600;0.00764;0.05945;-0.01836;0.02647;-0.00252;0.00058;
3;1;84;10.500;1.000;-3.600;0.00764;0.05975;-0.01712;0.02668;-0.00248;0.00058;
3;1;85;11.000;1.000;-3.600;0.00764;0.06004;-0.01588;0.02689;-0.00248;0.00058;
3;1;86;11.500;1.000;-3.600;0.00764;0.06033;-0.01464;0.02708;-0.00251;0.00058;
3;1;87;12.000;1.000;-3.600;0.00764;0.06063;-0.01337;0.02726;-0.00255;0.00058;
3;1;88;12.500;1.000;-3.600;0.00764;0.06092;-0.01211;0.02747;-0.00250;0.00058;
3;1;89;13.000;1.000;-3.600;0.00764;0.06122;-0.01088;0.02770;-0.00248;0.00058;
3;1;90;13.500;1.000;-3.600;0.00764;0.06151;-0.00963;0.02792;-0.00254;0.00058;
3;1;91;14.000;1.000;-3.600;0.00764;0.06181;-0.00833;0.02810;-0.00273;0.00059;
3;1;92;14.500;1.000;-3.600;0.00764;0.06211;-0.00689;0.02815;-0.00303;0.00059;
3;1;93;15.000;1.000;-3.600;0.00765;0.06241;-0.00529;0.02813;-0.00336;0.00059;
3;1;94;0.000;1.500;-3.600;0.00736;0.05377;-0.03690;0.02525;-0.00380;0.00056;
3;1;95;0.500;1.500;-3.600;0.00736;0.05406;-0.03502;0.02503;-0.00373;0.00056;
3;1;96;1.000;1.500;-3.600;0.00735;0.05434;-0.03316;0.02491;-0.00372;0.00056;
3;1;98;2.000;1.500;-3.600;0.00735;0.05490;-0.02964;0.02477;-0.00345;0.00056;
3;1;99;2.500;1.500;-3.600;0.00735;0.05518;-0.02792;0.02480;-0.00344;0.00056;
3;1;100;3.000;1.500;-3.600;0.00735;0.05546;-0.02620;0.02488;-0.00341;0.00056;
3;1;101;3.500;1.500;-3.600;0.00735;0.05574;-0.02451;0.02497;-0.00335;0.00056;
3;1;102;4.000;1.500;-3.600;0.00735;0.05602;-0.02285;0.02506;-0.00329;0.00056;
3;1;103;4.500;1.500;-3.600;0.00735;0.05630;-0.02122;0.02515;-0.00322;0.00056;
3;1;104;5.000;1.500;-3.600;0.00735;0.05659;-0.01963;0.02524;-0.00316;0.00056;
3;1;105;5.500;1.500;-3.600;0.00735;0.05687;-0.01807;0.02533;-0.00310;0.00056;
3;1;106;6.000;1.500;-3.600;0.00735;0.05715;-0.01653;0.02540;-0.00304;0.00057;
3;1;107;6.500;1.500;-3.600;0.00735;0.05743;-0.01503;0.02550;-0.00297;0.00057;
3;1;108;7.000;1.500;-3.600;0.00735;0.05772;-0.01356;0.02561;-0.00291;0.00057;
3;1;109;7.500;1.500;-3.600;0.00735;0.05801;-0.01212;0.02574;-0.00286;0.00057;
3;1;110;8.000;1.500;-3.600;0.00735;0.05829;-0.01070;0.02588;-0.00283;0.00057;
3;1;111;8.500;1.500;-3.600;0.00735;0.05858;-0.00929;0.02602;-0.00282;0.00057;
3;1;112;9.000;1.500;-3.600;0.00735;0.05887;-0.00789;0.02615;-0.00280;0.00058;
3;1;113;9.500;1.500;-3.600;0.00735;0.05916;-0.00650;0.02631;-0.00276;0.00058;
3;1;114;10.000;1.500;-3.600;0.00735;0.05945;-0.00513;0.02648;-0.00272;0.00058;
3;1;115;10.500;1.500;-3.600;0.00735;0.05974;-0.00378;0.02668;-0.00269;0.00058;
3;1;116;11.000;1.500;-3.600;0.00735;0.06004;-0.00244;0.02689;-0.00269;0.00058;
3;1;117;11.500;1.500;-3.600;0.00735;0.06033;-0.00109;0.02710;-0.00270;0.00058;
3;1;118;12.000;1.500;-3.600;0.00735;0.06063;0.00027;0.02728;-0.00272;0.00058;
3;1;119;12.500;1.500;-3.600;0.00735;0.06092;0.00162;0.02749;-0.00270;0.00058;
3;1;120;13.000;1.500;-3.600;0.00735;0.06122;0.00297;0.02770;-0.00270;0.00058;
3;1;121;13.500;1.500;-3.600;0.00735;0.06151;0.00433;0.02791;-0.00275;0.00059;
3;1;122;14.000;1.500;-3.600;0.00735;0.06181;0.00573;0.02805;-0.00285;0.00059;
3;1;123;14.500;1.500;-3.600;0.00735;0.06211;0.00719;0.02807;-0.00300;0.00059;
3;1;124;15.000;1.500;-3.600;0.00735;0.06240;0.00872;0.02804;-0.00313;0.00059;
3;1;125;0.000;2.000;-3.600;0.00707;0.05377;-0.02425;0.02526;-0.00348;0.00056;
3;1;126;0.500;2.000;-3.600;0.00707;0.05406;-0.02251;0.02504;-0.00349;0.00056;
3;1;127;1.000;2.000;-3.600;0.00707;0.05434;-0.02076;0.02487;-0.00347;0.00056;
3;1;128;1.500;2.000;-3.600;0.00707;0.05462;-0.01904;0.02479;-0.00346;0.00056;
3;1;129;2.000;2.000;-3.600;0.00707;0.05490;-0.01728;0.02477;-0.00352;0.00056;
3;1;130;2.500;2.000;-3.600;0.00707;0.05518;-0.01552;0.02481;-0.00351;0.00056;
3;1;131;3.000;2.000;-3.600;0.00707;0.05546;-0.01376;0.02489;-0.00350;0.00056;
3;1;132;3.500;2.000;-3.600;0.00707;0.05574;-0.01202;0.02499;-0.00345;0.00056;
3;1;133;4.000;2.000;-3.600;0.00707;0.05602;-0.01032;0.02508;-0.00338;0.00056;
3;1;134;4.500;2.000;-3.600;0.00707;0.05630;-0.00864;0.02517;-0.00331;0.00056;
3;1;135;5.000;2.000;-3.600;0.00707;0.05658;-0.00700;0.02526;-0.00324;0.00056;
3;1;136;5.500;2.000;-3.600;0.00707;0.05687;-0.00540;0.02534;-0.00318;0.00056;
3;1;137;6.000;2.000;-3.600;0.00707;0.05715;-0.00383;0.02541;-0.00312;0.00057;
3;1;138;6.500;2.000;-3.600;0.00707;0.05743;-0.00228;0.02551;-0.00307;0.00057;
3;1;139;7.000;2.000;-3.600;0.00707;0.05772;-0.00076;0.02562;-0.00303;0.00057;
3;1;140;7.500;2.000;-3.600;0.00706;0.05801;0.00075;0.02575;-0.00300;0.00057;
3;1;141;8.000;2.000;-3.600;0.00706;0.05829;0.00224;0.02588;-0.00297;0.00057;
3;1;142;8.500;2.000;-3.600;0.00706;0.05858;0.00372;0.02602;-0.00295;0.00057;
3;1;143;9.000;2.000;-3.600;0.00706;0.05887;0.00519;0.02615;-0.00293;0.00058;
3;1;144;9.500;2.000;-3.600;0.00706;0.05916;0.00666;0.02631;-0.00292;0.00058;
3;1;145;10.000;2.000;-3.600;0.00706;0.05945;0.00811;0.02649;-0.00291;0.00058;
3;1;146;10.500;2.000;-3.600;0.00706;0.05974;0.00956;0.02669;-0.00290;0.00058;
3;1;147;11.000;2.000;-3.600;0.00706;0.06004;0.01101;0.02689;-0.00290;0.00058;
3;1;148;11.500;2.000;-3.600;0.00706;0.06033;0.01246;0.02710;-0.00290;0.00058;
3;1;149;12.000;2.000;-3.600;0.00706;0.06063;0.01392;0.02729;-0.00291;0.00058;
3;1;150;12.500;2.000;-3.600;0.00706;0.06092;0.01537;0.02750;-0.00291;0.00058;
3;1;151;13.000;2.000;-3.600;0.00706;0.06122;0.01683;0.02771;-0.00292;0.00059;
3;1;152;13.500;2.000;-3.600;0.00706;0.06151;0.01829;0.02790;-0.00293;0.00059;
3;1;153;14.000;2.000;-3.600;0.00706;0.06181;0.01976;0.02803;-0.00294;0.00059;
3;1;154;14.500;2.000;-3.600;0.00706;0.06211;0.02123;0.02804;-0.00295;0.00059;
3;1;155;15.000;2.000;-3.600;0.00706;0.06241;0.02270;0.02801;-0.00296;0.00059;
3;1;156;0.000;2.500;-3.600;0.00679;0.05377;-0.01159;0.02524;-0.00314;0.00056;
3;1;157;0.500;2.500;-3.600;0.00679;0.05406;-0.01000;0.02502;-0.00324;0.00056;
3;1;158;1.000;2.500;-3.600;0.00679;0.05434;-0.00835;0.02484;-0.00335;0.00056;
3;1;159;1.500;2.500;-3.600;0.00679;0.05462;-0.00665;0.02477;-0.00346;0.00056;
3;1;160;2.000;2.500;-3.600;0.00679;0.05490;-0.00490;0.02477;-0.00353;0.00056;
3;1;161;2.500;2.500;-3.600;0.00679;0.05519;-0.00312;0.02481;-0.00359;0.00056;
3;1;162;3.000;2.500;-3.600;0.00679;0.05546;-0.00132;0.02489;-0.00360;0.00056;
3;1;163;3.500;2.500;-3.600;0.00679;0.05574;0.00047;0.02500;-0.00355;0.00056;
3;1;164;4.000;2.500;-3.600;0.00679;0.05602;0.00223;0.02510;-0.00347;0.00056;
3;1;165;4.500;2.500;-3.600;0.00679;0.05630;0.00395;0.02518;-0.00340;0.00056;
3;1;166;5.000;2.500;-3.600;0.00679;0.05659;0.00563;0.02527;-0.00332;0.00056;
3;1;167;5.500;2.500;-3.600;0.00679;0.05687;0.00727;0.02534;-0.00325;0.00056;
3;1;168;6.000;2.500;-3.600;0.00678;0.05715;0.00888;0.02541;-0.00320;0.00057;
3;1;169;6.500;2.500;-3.600;0.00678;0.05743;0.01047;0.02551;-0.00317;0.00057;
3;1;170;7.000;2.500;-3.600;0.00678;0.05772;0.01205;0.02562;-0.00315;0.00057;
3;1;171;7.500;2.500;-3.600;0.00678;0.05801;0.01362;0.02575;-0.00313;0.00057;
3;1;172;8.000;2.500;-3.600;0.00678;0.05829;0.01518;0.02588;-0.00311;0.00057;
3;1;173;8.500;2.500;-3.600;0.00678;0.05858;0.01673;0.02602;-0.00309;0.00057;
3;1;174;9.000;2.500;-3.600;0.00677;0.05887;0.01827;0.02615;-0.00307;0.00058;
3;1;175;9.500;2.500;-3.600;0.00677;0.05916;0.01981;0.02631;-0.00308;0.00058;
3;1;176;10.000;2.500;-3.600;0.00677;0.05945;0.02135;0.02648;-0.00310;0.00058;
3;1;177;10.500;2.500;-3.600;0.00677;0.05975;0.02291;0.02668;-0.00311;0.00058;
3;1;178;11.000;2.500;-3.600;0.00677;0.06004;0.02446;0.02689;-0.00311;0.00058;
3;1;179;11.500;2.500;-3.600;0.00677;0.06033;0.02601;0.02709;-0.00310;0.00058;
3;1;180;12.000;2.500;-3.600;0.00677;0.06063;0.02756;0.02728;-0.00310;0.00058;
3;1;181;12.500;2.500;-3.600;0.00676;0.06092;0.02912;0.02749;-0.00312;0.00058;
3;1;182;13.000;2.500;-3.600;0.00676;0.06122;0.03068;0.02770;-0.00313;0.00059;
3;1;183;13.500;2.500;-3.600;0.00676;0.06151;0.03225;0.02790;-0.00311;0.00059;
3;1;184;14.000;2.500;-3.600;0.00676;0.06181;0.03378;0.02804;-0.00303;0.00059;
3;1;185;14.500;2.500;-3.600;0.00676;0.06211;0.03527;0.02807;-0.00290;0.00059;
3;1;186;15.000;2.500;-3.600;0.00676;0.06241;0.03668;0.02804;-0.00279;0.00059;
3;1;187;0.000;3.000;-3.600;0.00651;0.05377;0.00104;0.02518;-0.00276;0.00056;
3;1;188;0.500;3.000;-3.600;0.00651;0.05406;0.00248;0.02497;-0.00301;0.00056;
3;1;189;1.000;3.000;-3.600;0.00651;0.05434;0.00405;0.02481;-0.00325;0.00056;
3;1;190;1.500;3.000;-3.600;0.00651;0.05462;0.00572;0.02475;-0.00343;0.00056;
3;1;191;2.000;3.000;-3.600;0.00651;0.05491;0.00748;0.02476;-0.00356;0.00056;
3;1;192;2.500;3.000;-3.600;0.00651;0.05519;0.00928;0.02481;-0.00366;0.00056;
3;1;193;3.000;3.000;-3.600;0.00651;0.05547;0.01113;0.02489;-0.00372;0.00056;
3;1;194;3.500;3.000;-3.600;0.00651;0.05574;0.01298;0.02501;-0.00365;0.00056;
3;1;195;4.000;3.000;-3.600;0.00651;0.05602;0.01478;0.02511;-0.00356;0.00056;
3;1;196;4.500;3.000;-3.600;0.00651;0.05630;0.01654;0.02519;-0.00348;0.00056;
3;1;197;5.000;3.000;-3.600;0.00651;0.05659;0.01826;0.02527;-0.00340;0.00056;
3;1;198;5.500;3.000;-3.600;0.00650;0.05687;0.01994;0.02534;-0.00332;0.00056;
3;1;199;6.000;3.000;-3.600;0.00650;0.05715;0.02159;0.02540;-0.00326;0.00056;
3;1;200;6.500;3.000;-3.600;0.00650;0.05743;0.02322;0.02550;-0.00327;0.00057;
3;1;201;7.000;3.000;-3.600;0.00650;0.05772;0.02486;0.02561;-0.00328;0.00057;
3;1;202;7.500;3.000;-3.600;0.00649;0.05801;0.02649;0.02574;-0.00327;0.00057;
3;1;203;8.000;3.000;-3.600;0.00649;0.05829;0.02813;0.02588;-0.00325;0.00057;
3;1;204;8.500;3.000;-3.600;0.00649;0.05858;0.02974;0.02601;-0.00322;0.00057;
3;1;205;9.000;3.000;-3.600;0.00649;0.05887;0.03135;0.02613;-0.00319;0.00058;
3;1;206;9.500;3.000;-3.600;0.00648;0.05916;0.03295;0.02629;-0.00324;0.00058;
3;1;207;10.000;3.000;-3.600;0.00648;0.05945;0.03459;0.02647;-0.00329;0.00058;
3;1;208;10.500;3.000;-3.600;0.00648;0.05975;0.03624;0.02668;-0.00331;0.00058;
3;1;209;11.000;3.000;-3.600;0.00648;0.06004;0.03790;0.02688;-0.00331;0.00058;
3;1;210;11.500;3.000;-3.600;0.00647;0.06033;0.03956;0.02708;-0.00329;0.00058;
3;1;211;12.000;3.000;-3.600;0.00647;0.06063;0.04120;0.02725;-0.00327;0.00058;
3;1;212;12.500;3.000;-3.600;0.00647;0.06092;0.04285;0.02747;-0.00333;0.00058;
3;1;213;13.000;3.000;-3.600;0.00647;0.06122;0.04453;0.02769;-0.00336;0.00059;
3;1;214;13.500;3.000;-3.600;0.00647;0.06151;0.04621;0.02791;-0.00331;0.00059;
3;1;215;14.000;3.000;-3.600;0.00647;0.06181;0.04783;0.02809;-0.00314;0.00059;
3;1;216;14.500;3.000;-3.600;0.00647;0.06211;0.04934;0.02814;-0.00287;0.00059;
3;1;217;15.000;3.000;-3.600;0.00647;0.06241;0.05069;0.02813;-0.00257;0.00059;
3;1;218;0.000;3.500;-3.600;0.00623;0.05377;0.01364;0.02509;-0.00228;0.00056;
3;1;219;0.500;3.500;-3.600;0.00623;0.05406;0.01492;0.02491;-0.00278;0.00056;
3;1;220;1.000;3.500;-3.600;0.00623;0.05434;0.01643;0.02476;-0.00318;0.00056;
3;1;221;1.500;3.500;-3.600;0.00623;0.05462;0.01809;0.02473;-0.00342;0.00056;
3;1;222;2.000;3.500;-3.600;0.00623;0.05491;0.01985;0.02474;-0.00359;0.00056;
3;1;223;2.500;3.500;-3.600;0.00624;0.05519;0.02168;0.02480;-0.00374;0.00055;
3;1;224;3.000;3.500;-3.600;0.00623;0.05547;0.02358;0.02489;-0.00387;0.00054;
3;1;225;3.500;3.500;-3.600;0.00623;0.05574;0.02549;0.02502;-0.00377;0.00055;
3;1;226;4.000;3.500;-3.600;0.00623;0.05602;0.02734;0.02512;-0.00365;0.00055;
3;1;227;4.500;3.500;-3.600;0.00623;0.05630;0.02914;0.02520;-0.00356;0.00056;
3;1;228;5.000;3.500;-3.600;0.00622;0.05659;0.03090;0.02528;-0.00347;0.00056;
3;1;229;5.500;3.500;-3.600;0.00622;0.05687;0.03261;0.02533;-0.00338;0.00056;
3;1;230;6.000;3.500;-3.600;0.00622;0.05715;0.03429;0.02538;-0.00330;0.00056;
3;1;231;6.500;3.500;-3.600;0.00622;0.05743;0.03596;0.02549;-0.00338;0.00056;
3;1;232;7.000;3.500;-3.600;0.00621;0.05772;0.03766;0.02561;-0.00341;0.00057;
3;1;233;7.500;3.500;-3.600;0.00621;0.05801;0.03937;0.02574;-0.00341;0.00057;
3;1;234;8.000;3.500;-3.600;0.00620;0.05829;0.04107;0.02588;-0.00339;0.00057;
3;1;235;8.500;3.500;-3.600;0.00620;0.05858;0.04275;0.02600;-0.00334;0.00057;
3;1;236;9.000;3.500;-3.600;0.00620;0.05887;0.04441;0.02611;-0.00328;0.00057;
3;1;237;9.500;3.500;-3.600;0.00619;0.05916;0.04609;0.02628;-0.00342;0.00057;
3;1;238;10.000;3.500;-3.600;0.00619;0.05945;0.04782;0.02646;-0.00350;0.00058;
3;1;239;10.500;3.500;-3.600;0.00619;0.05975;0.04958;0.02667;-0.00353;0.00058;
3;1;240;11.000;3.500;-3.600;0.00619;0.06004;0.05134;0.02687;-0.00352;0.00058;
3;1;241;11.500;3.500;-3.600;0.00618;0.06033;0.05310;0.02706;-0.00348;0.00058;
3;1;242;12.000;3.500;-3.600;0.00618;0.06063;0.05482;0.02722;-0.00340;0.00058;
3;1;243;12.500;3.500;-3.600;0.00618;0.06092;0.05657;0.02745;-0.00356;0.00058;
3;1;244;13.000;3.500;-3.600;0.00618;0.06122;0.05837;0.02768;-0.00361;0.00059;
3;1;245;13.500;3.500;-3.600;0.00617;0.06151;0.06017;0.02793;-0.00354;0.00059;
3;1;246;14.000;3.500;-3.600;0.00617;0.06181;0.06190;0.02815;-0.00332;0.00059;
3;1;247;14.500;3.500;-3.600;0.00617;0.06211;0.06347;0.02823;-0.00287;0.00059;
3;1;248;15.000;3.500;-3.600;0.00617;0.06241;0.06476;0.02828;-0.00223;0.00059;
3;1;249;0.000;4.000;-3.600;0.00595;0.05377;0.02618;0.02496;-0.00153;0.00055;
3;1;250;0.500;4.000;-3.600;0.00595;0.05406;0.02731;0.02480;-0.00272;0.00056;
3;1;251;1.000;4.000;-3.600;0.00595;0.05434;0.02880;0.02471;-0.00316;0.00056;
3;1;252;1.500;4.000;-3.600;0.00595;0.05462;0.03045;0.02470;-0.00341;0.00056;
3;1;253;2.000;4.000;-3.600;0.00595;0.05491;0.03221;0.02472;-0.00360;0.00056;
3;1;254;2.500;4.000;-3.600;0.00596;0.05519;0.03406;0.02477;-0.00377;0.00056;
3;1;255;3.000;4.000;-3.600;0.00597;0.05547;0.03602;0.02487;-0.00414;0.00051;
3;1;256;3.500;4.000;-3.600;0.00596;0.05574;0.03801;0.02504;-0.00382;0.00056;
3;1;257;4.000;4.000;-3.600;0.00595;0.05602;0.03991;0.02514;-0.00369;0.00056;
3;1;258;4.500;4.000;-3.600;0.00595;0.05630;0.04175;0.02522;-0.00360;0.00056;
3;1;259;5.000;4.000;-3.600;0.00594;0.05659;0.04354;0.02529;-0.00350;0.00056;
3;1;260;5.500;4.000;-3.600;0.00594;0.05687;0.04528;0.02535;-0.00341;0.00056;
3;1;261;6.000;4.000;-3.600;0.00594;0.05715;0.04697;0.02534;-0.00326;0.00054;
3;1;262;6.500;4.000;-3.600;0.00593;0.05743;0.04869;0.02547;-0.00344;0.00057;
3;1;263;7.000;4.000;-3.600;0.00593;0.05772;0.05046;0.02560;-0.00348;0.00057;
3;1;264;7.500;4.000;-3.600;0.00592;0.05801;0.05224;0.02574;-0.00348;0.00057;
3;1;265;8.000;4.000;-3.600;0.00592;0.05830;0.05401;0.02588;-0.00346;0.00057;
3;1;266;8.500;4.000;-3.600;0.00591;0.05858;0.05576;0.02601;-0.00340;0.00057;
3;1;267;9.000;4.000;-3.600;0.00591;0.05887;0.05746;0.02607;-0.00326;0.00055;
3;1;268;9.500;4.000;-3.600;0.00590;0.05916;0.05922;0.02625;-0.00351;0.00058;
3;1;269;10.000;4.000;-3.600;0.00590;0.05945;0.06105;0.02645;-0.00360;0.00058;
3;1;270;10.500;4.000;-3.600;0.00590;0.05975;0.06291;0.02666;-0.00363;0.00058;
3;1;271;11.000;4.000;-3.600;0.00589;0.06004;0.06478;0.02687;-0.00362;0.00058;
3;1;272;11.500;4.000;-3.600;0.00589;0.06033;0.06663;0.02707;-0.00357;0.00058;
3;1;273;12.000;4.000;-3.600;0.00589;0.06063;0.06842;0.02716;-0.00338;0.00056;
3;1;274;12.500;4.000;-3.600;0.00588;0.06092;0.07028;0.02742;-0.00368;0.00059;
3;1;275;13.000;4.000;-3.600;0.00588;0.06122;0.07221;0.02768;-0.00374;0.00059;
3;1;276;13.500;4.000;-3.600;0.00588;0.06151;0.07414;0.02795;-0.00365;0.00059;
3;1;277;14.000;4.000;-3.600;0.00588;0.06181;0.07599;0.02820;-0.00343;0.00059;
3;1;278;14.500;4.000;-3.600;0.00588;0.06211;0.07766;0.02838;-0.00293;0.00059;
3;1;279;15.000;4.000;-3.600;0.00588;0.06241;0.07893;0.02849;-0.00153;0.00057;
;;;;;;;;;;;;
4;1;1;0.000;0.000;-3.600;-0.00093;0.03689;-0.05465;0.01757;-0.00389;-0.00359;
4;1;2;0.500;0.000;-3.600;-0.00099;0.03499;-0.05182;0.01633;-0.00577;-0.00379;
4;1;3;1.000;0.000;-3.600;-0.00101;0.03307;-0.04840;0.01520;-0.00656;-0.00382;
4;1;4;1.500;0.000;-3.600;-0.00103;0.03114;-0.04474;0.01407;-0.00685;-0.00383;
4;1;5;2.000;0.000;-3.600;-0.00103;0.02921;-0.04107;0.01297;-0.00661;-0.00382;
4;1;6;2.500;0.000;-3.600;-0.00102;0.02729;-0.03763;0.01192;-0.00589;-0.00381;
4;1;7;3.000;0.000;-3.600;-0.00100;0.02538;-0.03481;0.01128;-0.00394;-0.00366;
4;1;8;3.500;0.000;-3.600;-0.00104;0.02346;-0.03207;0.01073;-0.00564;-0.00382;
4;1;9;4.000;0.000;-3.600;-0.00105;0.02153;-0.02885;0.00982;-0.00616;-0.00384;
4;1;10;4.500;0.000;-3.600;-0.00106;0.01960;-0.02547;0.00881;-0.00630;-0.00384;
4;1;11;5.000;0.000;-3.600;-0.00106;0.01767;-0.02208;0.00779;-0.00620;-0.00384;
4;1;12;5.500;0.000;-3.600;-0.00105;0.01574;-0.01881;0.00683;-0.00578;-0.00383;
4;1;13;6.000;0.000;-3.600;-0.00102;0.01382;-0.01594;0.00616;-0.00448;-0.00366;
4;1;14;6.500;0.000;-3.600;-0.00106;0.01190;-0.01307;0.00548;-0.00574;-0.00383;
4;1;15;7.000;0.000;-3.600;-0.00107;0.00997;-0.00983;0.00452;-0.00613;-0.00384;
4;1;16;7.500;0.000;-3.600;-0.00107;0.00803;-0.00648;0.00349;-0.00622;-0.00384;
4;1;17;8.000;0.000;-3.600;-0.00107;0.00610;-0.00314;0.00245;-0.00609;-0.00384;
4;1;18;8.500;0.000;-3.600;-0.00106;0.00417;0.00007;0.00149;-0.00567;-0.00383;
4;1;19;9.000;0.000;-3.600;-0.00102;0.00225;0.00290;0.00082;-0.00439;-0.00366;
4;1;20;9.500;0.000;-3.600;-0.00105;0.00033;0.00573;0.00012;-0.00567;-0.00383;
4;1;21;10.000;0.000;-3.600;-0.00106;-0.00160;0.00894;-0.00085;-0.00607;-0.00384;
4;1;22;10.500;0.000;-3.600;-0.00106;-0.00353;0.01227;-0.00190;-0.00617;-0.00383;
4;1;23;11.000;0.000;-3.600;-0.00105;-0.00546;0.01560;-0.00294;-0.00606;-0.00383;
4;1;24;11.500;0.000;-3.600;-0.00104;-0.00739;0.01880;-0.00391;-0.00565;-0.00382;
4;1;25;12.000;0.000;-3.600;-0.00099;-0.00930;0.02162;-0.00457;-0.00439;-0.00365;
4;1;26;12.500;0.000;-3.600;-0.00103;-0.01121;0.02446;-0.00532;-0.00566;-0.00381;
4;1;27;13.000;0.000;-3.600;-0.00103;-0.01313;0.02767;-0.00633;-0.00604;-0.00382;
4;1;28;13.500;0.000;-3.600;-0.00103;-0.01505;0.03099;-0.00741;-0.00608;-0.00381;
4;1;29;14.000;0.000;-3.600;-0.00102;-0.01697;0.03426;-0.00852;-0.00586;-0.00381;
4;1;30;14.500;0.000;-3.600;-0.00100;-0.01888;0.03734;-0.00957;-0.00523;-0.00380;
4;1;31;15.000;0.000;-3.600;-0.00095;-0.02079;0.03993;-0.01076;-0.00350;-0.00360;
4;1;32;0.000;0.500;-3.600;0.00091;0.03689;-0.04601;0.01705;-0.00418;-0.00373;
4;1;33;0.500;0.500;-3.600;0.00091;0.03500;-0.04367;0.01612;-0.00527;-0.00376;
4;1;34;1.000;0.500;-3.600;0.00091;0.03308;-0.04083;0.01513;-0.00603;-0.00379;
4;1;35;1.500;0.500;-3.600;0.00090;0.03115;-0.03771;0.01405;-0.00624;-0.00380;
4;1;36;2.000;0.500;-3.600;0.00089;0.02921;-0.03456;0.01299;-0.00609;-0.00380;
4;1;37;2.500;0.500;-3.600;0.00089;0.02729;-0.03166;0.01207;-0.00541;-0.00379;
4;1;38;3.000;0.500;-3.600;0.00088;0.02538;-0.02917;0.01128;-0.00453;-0.00378;
4;1;39;3.500;0.500;-3.600;0.00088;0.02346;-0.02670;0.01059;-0.00522;-0.00380;
4;1;40;4.000;0.500;-3.600;0.00087;0.02153;-0.02395;0.00978;-0.00568;-0.00381;
4;1;41;4.500;0.500;-3.600;0.00087;0.01960;-0.02106;0.00881;-0.00582;-0.00382;
4;1;42;5.000;0.500;-3.600;0.00087;0.01767;-0.01817;0.00782;-0.00572;-0.00382;
4;1;43;5.500;0.500;-3.600;0.00087;0.01574;-0.01539;0.00695;-0.00533;-0.00380;
4;1;44;6.000;0.500;-3.600;0.00086;0.01382;-0.01286;0.00616;-0.00471;-0.00379;
4;1;45;6.500;0.500;-3.600;0.00086;0.01190;-0.01033;0.00537;-0.00529;-0.00380;
4;1;46;7.000;0.500;-3.600;0.00086;0.00997;-0.00758;0.00449;-0.00564;-0.00382;
4;1;47;7.500;0.500;-3.600;0.00086;0.00803;-0.00474;0.00349;-0.00572;-0.00382;
4;1;48;8.000;0.500;-3.600;0.00086;0.00610;-0.00190;0.00248;-0.00560;-0.00382;
4;1;49;8.500;0.500;-3.600;0.00086;0.00417;0.00082;0.00160;-0.00522;-0.00380;
4;1;50;9.000;0.500;-3.600;0.00086;0.00225;0.00331;0.00081;-0.00462;-0.00379;
4;1;51;9.500;0.500;-3.600;0.00086;0.00033;0.00579;0.00001;-0.00521;-0.00380;
4;1;52;10.000;0.500;-3.600;0.00086;-0.00160;0.00850;-0.00088;-0.00558;-0.00381;
4;1;53;10.500;0.500;-3.600;0.00087;-0.00353;0.01132;-0.00190;-0.00567;-0.00382;
4;1;54;11.000;0.500;-3.600;0.00087;-0.00546;0.01414;-0.00291;-0.00557;-0.00381;
4;1;55;11.500;0.500;-3.600;0.00088;-0.00739;0.01685;-0.00380;-0.00520;-0.00379;
4;1;56;12.000;0.500;-3.600;0.00088;-0.00930;0.01933;-0.00460;-0.00460;-0.00378;
4;1;57;12.500;0.500;-3.600;0.00088;-0.01121;0.02180;-0.00543;-0.00520;-0.00378;
4;1;58;13.000;0.500;-3.600;0.00088;-0.01313;0.02450;-0.00634;-0.00553;-0.00380;
4;1;59;13.500;0.500;-3.600;0.00089;-0.01505;0.02729;-0.00739;-0.00557;-0.00380;
4;1;60;14.000;0.500;-3.600;0.00089;-0.01697;0.03002;-0.00843;-0.00534;-0.00379;
4;1;61;14.500;0.500;-3.600;0.00090;-0.01889;0.03257;-0.00935;-0.00476;-0.00376;
4;1;62;15.000;0.500;-3.600;0.00090;-0.02079;0.03470;-0.01023;-0.00377;-0.00374;
4;1;63;0.000;1.000;-3.600;0.00280;0.03689;-0.03763;0.01667;-0.00392;-0.00379;
4;1;64;0.500;1.000;-3.600;0.00281;0.03499;-0.03560;0.01594;-0.00437;-0.00379;
4;1;65;1.000;1.000;-3.600;0.00282;0.03308;-0.03330;0.01523;-0.00501;-0.00379;
4;1;66;1.500;1.000;-3.600;0.00282;0.03115;-0.03069;0.01405;-0.00578;-0.00383;
4;1;67;2.000;1.000;-3.600;0.00281;0.02921;-0.02806;0.01279;-0.00510;-0.00379;
4;1;68;2.500;1.000;-3.600;0.00280;0.02730;-0.02569;0.01202;-0.00456;-0.00380;
4;1;69;3.000;1.000;-3.600;0.00279;0.02538;-0.02353;0.01128;-0.00422;-0.00381;
4;1;70;3.500;1.000;-3.600;0.00279;0.02346;-0.02136;0.01058;-0.00447;-0.00381;
4;1;71;4.000;1.000;-3.600;0.00279;0.02153;-0.01905;0.00976;-0.00470;-0.00381;
4;1;72;4.500;1.000;-3.600;0.00278;0.01960;-0.01666;0.00881;-0.00479;-0.00382;
4;1;73;5.000;1.000;-3.600;0.00278;0.01767;-0.01426;0.00785;-0.00471;-0.00382;
4;1;74;5.500;1.000;-3.600;0.00278;0.01575;-0.01195;0.00697;-0.00448;-0.00382;
4;1;75;6.000;1.000;-3.600;0.00278;0.01382;-0.00977;0.00617;-0.00423;-0.00383;
4;1;76;6.500;1.000;-3.600;0.00278;0.01190;-0.00761;0.00537;-0.00443;-0.00382;
4;1;77;7.000;1.000;-3.600;0.00278;0.00997;-0.00533;0.00447;-0.00461;-0.00382;
4;1;78;7.500;1.000;-3.600;0.00278;0.00803;-0.00299;0.00349;-0.00467;-0.00382;
4;1;79;8.000;1.000;-3.600;0.00278;0.00610;-0.00066;0.00251;-0.00458;-0.00382;
4;1;80;8.500;1.000;-3.600;0.00278;0.00417;0.00159;0.00161;-0.00436;-0.00382;
4;1;81;9.000;1.000;-3.600;0.00277;0.00225;0.00371;0.00081;-0.00413;-0.00383;
4;1;82;9.500;1.000;-3.600;0.00278;0.00032;0.00583;0.00000;-0.00435;-0.00382;
4;1;83;10.000;1.000;-3.600;0.00278;-0.00160;0.00806;-0.00091;-0.00454;-0.00382;
4;1;84;10.500;1.000;-3.600;0.00278;-0.00353;0.01037;-0.00190;-0.00462;-0.00381;
4;1;85;11.000;1.000;-3.600;0.00278;-0.00546;0.01268;-0.00289;-0.00454;-0.00381;
4;1;86;11.500;1.000;-3.600;0.00278;-0.00738;0.01491;-0.00380;-0.00433;-0.00381;
4;1;87;12.000;1.000;-3.600;0.00278;-0.00930;0.01702;-0.00461;-0.00411;-0.00381;
4;1;88;12.500;1.000;-3.600;0.00279;-0.01122;0.01912;-0.00544;-0.00431;-0.00380;
4;1;89;13.000;1.000;-3.600;0.00279;-0.01313;0.02134;-0.00635;-0.00448;-0.00380;
4;1;90;13.500;1.000;-3.600;0.00279;-0.01505;0.02360;-0.00734;-0.00450;-0.00380;
4;1;91;14.000;1.000;-3.600;0.00280;-0.01697;0.02582;-0.00831;-0.00431;-0.00379;
4;1;92;14.500;1.000;-3.600;0.00279;-0.01888;0.02789;-0.00913;-0.00393;-0.00379;
4;1;93;15.000;1.000;-3.600;0.00279;-0.02079;0.02974;-0.00984;-0.00351;-0.00380;
4;1;94;0.000;1.500;-3.600;0.00471;0.03689;-0.02938;0.01644;-0.00349;-0.00381;
4;1;95;0.500;1.500;-3.600;0.00471;0.03498;-0.02760;0.01575;-0.00366;-0.00380;
4;1;96;1.000;1.500;-3.600;0.00471;0.03308;-0.02575;0.01552;-0.00372;-0.00379;
4;1;98;2.000;1.500;-3.600;0.00470;0.02921;-0.02166;0.01231;-0.00381;-0.00380;
4;1;99;2.500;1.500;-3.600;0.00470;0.02730;-0.01975;0.01203;-0.00378;-0.00381;
4;1;100;3.000;1.500;-3.600;0.00470;0.02538;-0.01789;0.01129;-0.00366;-0.00382;
4;1;101;3.500;1.500;-3.600;0.00470;0.02346;-0.01605;0.01057;-0.00373;-0.00382;
4;1;102;4.000;1.500;-3.600;0.00470;0.02153;-0.01416;0.00975;-0.00381;-0.00382;
4;1;103;4.500;1.500;-3.600;0.00470;0.01960;-0.01225;0.00883;-0.00383;-0.00382;
4;1;104;5.000;1.500;-3.600;0.00470;0.01768;-0.01034;0.00788;-0.00377;-0.00382;
4;1;105;5.500;1.500;-3.600;0.00470;0.01575;-0.00848;0.00699;-0.00365;-0.00383;
4;1;106;6.000;1.500;-3.600;0.00469;0.01382;-0.00668;0.00618;-0.00354;-0.00383;
4;1;107;6.500;1.500;-3.600;0.00469;0.01190;-0.00490;0.00536;-0.00359;-0.00383;
4;1;108;7.000;1.500;-3.600;0.00469;0.00997;-0.00309;0.00446;-0.00366;-0.00383;
4;1;109;7.500;1.500;-3.600;0.00469;0.00803;-0.00125;0.00349;-0.00368;-0.00383;
4;1;110;8.000;1.500;-3.600;0.00469;0.00610;0.00059;0.00252;-0.00363;-0.00383;
4;1;111;8.500;1.500;-3.600;0.00469;0.00417;0.00238;0.00162;-0.00352;-0.00383;
4;1;112;9.000;1.500;-3.600;0.00469;0.00225;0.00411;0.00080;-0.00343;-0.00383;
4;1;113;9.500;1.500;-3.600;0.00469;0.00032;0.00584;-0.00002;-0.00350;-0.00382;
4;1;114;10.000;1.500;-3.600;0.00469;-0.00160;0.00762;-0.00093;-0.00358;-0.00382;
4;1;115;10.500;1.500;-3.600;0.00470;-0.00353;0.00942;-0.00190;-0.00361;-0.00382;
4;1;116;11.000;1.500;-3.600;0.00470;-0.00546;0.01123;-0.00288;-0.00357;-0.00382;
4;1;117;11.500;1.500;-3.600;0.00470;-0.00738;0.01299;-0.00379;-0.00348;-0.00382;
4;1;118;12.000;1.500;-3.600;0.00470;-0.00930;0.01471;-0.00462;-0.00339;-0.00382;
4;1;119;12.500;1.500;-3.600;0.00470;-0.01122;0.01642;-0.00545;-0.00346;-0.00381;
4;1;120;13.000;1.500;-3.600;0.00470;-0.01313;0.01817;-0.00635;-0.00353;-0.00381;
4;1;121;13.500;1.500;-3.600;0.00470;-0.01505;0.01994;-0.00730;-0.00352;-0.00380;
4;1;122;14.000;1.500;-3.600;0.00470;-0.01697;0.02168;-0.00820;-0.00342;-0.00380;
4;1;123;14.500;1.500;-3.600;0.00470;-0.01888;0.02335;-0.00895;-0.00324;-0.00380;
4;1;124;15.000;1.500;-3.600;0.00470;-0.02079;0.02492;-0.00962;-0.00308;-0.00381;
4;1;125;0.000;2.000;-3.600;0.00661;0.03689;-0.02122;0.01633;-0.00300;-0.00381;
4;1;126;0.500;2.000;-3.600;0.00661;0.03498;-0.01970;0.01569;-0.00299;-0.00381;
4;1;127;1.000;2.000;-3.600;0.00661;0.03307;-0.01820;0.01505;-0.00279;-0.00382;
4;1;128;1.500;2.000;-3.600;0.00660;0.03115;-0.01676;0.01391;-0.00241;-0.00384;
4;1;129;2.000;2.000;-3.600;0.00661;0.02922;-0.01530;0.01273;-0.00281;-0.00382;
4;1;130;2.500;2.000;-3.600;0.00661;0.02730;-0.01378;0.01203;-0.00302;-0.00382;
4;1;131;3.000;2.000;-3.600;0.00661;0.02538;-0.01225;0.01132;-0.00302;-0.00382;
4;1;132;3.500;2.000;-3.600;0.00661;0.02346;-0.01075;0.01058;-0.00297;-0.00382;
4;1;133;4.000;2.000;-3.600;0.00661;0.02153;-0.00928;0.00976;-0.00292;-0.00382;
4;1;134;4.500;2.000;-3.600;0.00661;0.01960;-0.00783;0.00884;-0.00288;-0.00382;
4;1;135;5.000;2.000;-3.600;0.00661;0.01768;-0.00640;0.00790;-0.00284;-0.00382;
4;1;136;5.500;2.000;-3.600;0.00661;0.01575;-0.00499;0.00701;-0.00280;-0.00383;
4;1;137;6.000;2.000;-3.600;0.00661;0.01382;-0.00359;0.00618;-0.00277;-0.00384;
4;1;138;6.500;2.000;-3.600;0.00661;0.01189;-0.00221;0.00535;-0.00274;-0.00383;
4;1;139;7.000;2.000;-3.600;0.00661;0.00997;-0.00085;0.00446;-0.00272;-0.00383;
4;1;140;7.500;2.000;-3.600;0.00661;0.00803;0.00050;0.00349;-0.00270;-0.00383;
4;1;141;8.000;2.000;-3.600;0.00661;0.00610;0.00184;0.00253;-0.00268;-0.00383;
4;1;142;8.500;2.000;-3.600;0.00661;0.00418;0.00318;0.00163;-0.00267;-0.00383;
4;1;143;9.000;2.000;-3.600;0.00661;0.00225;0.00451;0.00080;-0.00266;-0.00383;
4;1;144;9.500;2.000;-3.600;0.00661;0.00032;0.00584;-0.00003;-0.00264;-0.00383;
4;1;145;10.000;2.000;-3.600;0.00661;-0.00161;0.00716;-0.00093;-0.00263;-0.00382;
4;1;146;10.500;2.000;-3.600;0.00661;-0.00353;0.00847;-0.00190;-0.00262;-0.00382;
4;1;147;11.000;2.000;-3.600;0.00661;-0.00546;0.00978;-0.00288;-0.00262;-0.00382;
4;1;148;11.500;2.000;-3.600;0.00661;-0.00738;0.01109;-0.00378;-0.00262;-0.00382;
4;1;149;12.000;2.000;-3.600;0.00661;-0.00930;0.01240;-0.00462;-0.00261;-0.00382;
4;1;150;12.500;2.000;-3.600;0.00661;-0.01122;0.01370;-0.00546;-0.00260;-0.00381;
4;1;151;13.000;2.000;-3.600;0.00661;-0.01314;0.01500;-0.00635;-0.00259;-0.00381;
4;1;152;13.500;2.000;-3.600;0.00661;-0.01505;0.01630;-0.00728;-0.00259;-0.00381;
4;1;153;14.000;2.000;-3.600;0.00661;-0.01697;0.01759;-0.00815;-0.00258;-0.00381;
4;1;154;14.500;2.000;-3.600;0.00661;-0.01888;0.01888;-0.00889;-0.00258;-0.00381;
4;1;155;15.000;2.000;-3.600;0.00661;-0.02079;0.02017;-0.00954;-0.00259;-0.00381;
4;1;156;0.000;2.500;-3.600;0.00852;0.03689;-0.01308;0.01636;-0.00248;-0.00382;
4;1;157;0.500;2.500;-3.600;0.00852;0.03498;-0.01186;0.01565;-0.00230;-0.00381;
4;1;158;1.000;2.500;-3.600;0.00852;0.03307;-0.01077;0.01486;-0.00207;-0.00381;
4;1;159;1.500;2.500;-3.600;0.00852;0.03115;-0.00980;0.01393;-0.00201;-0.00382;
4;1;160;2.000;2.500;-3.600;0.00852;0.02922;-0.00883;0.01297;-0.00205;-0.00382;
4;1;161;2.500;2.500;-3.600;0.00852;0.02730;-0.00776;0.01211;-0.00224;-0.00382;
4;1;162;3.000;2.500;-3.600;0.00853;0.02538;-0.00658;0.01136;-0.00236;-0.00383;
4;1;163;3.500;2.500;-3.600;0.00853;0.02346;-0.00544;0.01063;-0.00221;-0.00382;
4;1;164;4.000;2.500;-3.600;0.00853;0.02153;-0.00438;0.00979;-0.00203;-0.00382;
4;1;165;4.500;2.500;-3.600;0.00853;0.01960;-0.00340;0.00886;-0.00192;-0.00382;
4;1;166;5.000;2.500;-3.600;0.00853;0.01768;-0.00245;0.00790;-0.00190;-0.00382;
4;1;167;5.500;2.500;-3.600;0.00853;0.01575;-0.00149;0.00700;-0.00196;-0.00383;
4;1;168;6.000;2.500;-3.600;0.00853;0.01382;-0.00050;0.00619;-0.00201;-0.00383;
4;1;169;6.500;2.500;-3.600;0.00853;0.01190;0.00048;0.00537;-0.00189;-0.00383;
4;1;170;7.000;2.500;-3.600;0.00853;0.00997;0.00139;0.00447;-0.00177;-0.00383;
4;1;171;7.500;2.500;-3.600;0.00853;0.00803;0.00225;0.00350;-0.00171;-0.00383;
4;1;172;8.000;2.500;-3.600;0.00853;0.00610;0.00310;0.00252;-0.00173;-0.00383;
4;1;173;8.500;2.500;-3.600;0.00853;0.00417;0.00399;0.00162;-0.00182;-0.00383;
4;1;174;9.000;2.500;-3.600;0.00853;0.00225;0.00492;0.00080;-0.00189;-0.00383;
4;1;175;9.500;2.500;-3.600;0.00853;0.00032;0.00584;-0.00002;-0.00179;-0.00382;
4;1;176;10.000;2.500;-3.600;0.00852;-0.00160;0.00670;-0.00092;-0.00168;-0.00382;
4;1;177;10.500;2.500;-3.600;0.00852;-0.00353;0.00752;-0.00190;-0.00163;-0.00382;
4;1;178;11.000;2.500;-3.600;0.00852;-0.00546;0.00833;-0.00288;-0.00166;-0.00382;
4;1;179;11.500;2.500;-3.600;0.00852;-0.00738;0.00918;-0.00380;-0.00175;-0.00382;
4;1;180;12.000;2.500;-3.600;0.00852;-0.00930;0.01008;-0.00462;-0.00184;-0.00382;
4;1;181;12.500;2.500;-3.600;0.00852;-0.01122;0.01098;-0.00545;-0.00175;-0.00381;
4;1;182;13.000;2.500;-3.600;0.00851;-0.01313;0.01183;-0.00635;-0.00166;-0.00381;
4;1;183;13.500;2.500;-3.600;0.00851;-0.01505;0.01265;-0.00730;-0.00165;-0.00380;
4;1;184;14.000;2.500;-3.600;0.00851;-0.01697;0.01349;-0.00820;-0.00175;-0.00380;
4;1;185;14.500;2.500;-3.600;0.00851;-0.01888;0.01441;-0.00896;-0.00192;-0.00380;
4;1;186;15.000;2.500;-3.600;0.00851;-0.02079;0.01542;-0.00962;-0.00209;-0.00381;
4;1;187;0.000;3.000;-3.600;0.01043;0.03689;-0.00491;0.01653;-0.00200;-0.00380;
4;1;188;0.500;3.000;-3.600;0.01043;0.03499;-0.00400;0.01577;-0.00157;-0.00380;
4;1;189;1.000;3.000;-3.600;0.01043;0.03307;-0.00333;0.01492;-0.00116;-0.00380;
4;1;190;1.500;3.000;-3.600;0.01043;0.03115;-0.00283;0.01396;-0.00098;-0.00381;
4;1;191;2.000;3.000;-3.600;0.01043;0.02922;-0.00233;0.01301;-0.00111;-0.00381;
4;1;192;2.500;3.000;-3.600;0.01044;0.02730;-0.00171;0.01214;-0.00145;-0.00381;
4;1;193;3.000;3.000;-3.600;0.01044;0.02538;-0.00089;0.01139;-0.00178;-0.00382;
4;1;194;3.500;3.000;-3.600;0.01044;0.02346;-0.00008;0.01069;-0.00145;-0.00382;
4;1;195;4.000;3.000;-3.600;0.01044;0.02153;0.00054;0.00984;-0.00111;-0.00382;
4;1;196;4.500;3.000;-3.600;0.01044;0.01960;0.00103;0.00887;-0.00093;-0.00382;
4;1;197;5.000;3.000;-3.600;0.01044;0.01767;0.00148;0.00789;-0.00095;-0.00382;
4;1;198;5.500;3.000;-3.600;0.01045;0.01575;0.00198;0.00699;-0.00112;-0.00382;
4;1;199;6.000;3.000;-3.600;0.01045;0.01382;0.00259;0.00619;-0.00131;-0.00383;
4;1;200;6.500;3.000;-3.600;0.01045;0.01190;0.00319;0.00539;-0.00105;-0.00382;
4;1;201;7.000;3.000;-3.600;0.01045;0.00997;0.00364;0.00449;-0.00081;-0.00382;
4;1;202;7.500;3.000;-3.600;0.01044;0.00804;0.00400;0.00350;-0.00071;-0.00382;
4;1;203;8.000;3.000;-3.600;0.01044;0.00610;0.00435;0.00251;-0.00078;-0.00382;
4;1;204;8.500;3.000;-3.600;0.01044;0.00417;0.00477;0.00161;-0.00098;-0.00382;
4;1;205;9.000;3.000;-3.600;0.01044;0.00225;0.00532;0.00081;-0.00120;-0.00383;
4;1;206;9.500;3.000;-3.600;0.01044;0.00032;0.00586;0.00000;-0.00095;-0.00382;
4;1;207;10.000;3.000;-3.600;0.01044;-0.00160;0.00626;-0.00090;-0.00071;-0.00382;
4;1;208;10.500;3.000;-3.600;0.01043;-0.00353;0.00657;-0.00190;-0.00062;-0.00381;
4;1;209;11.000;3.000;-3.600;0.01043;-0.00546;0.00688;-0.00290;-0.00069;-0.00381;
4;1;210;11.500;3.000;-3.600;0.01043;-0.00738;0.00726;-0.00381;-0.00090;-0.00381;
4;1;211;12.000;3.000;-3.600;0.01043;-0.00930;0.00777;-0.00461;-0.00114;-0.00381;
4;1;212;12.500;3.000;-3.600;0.01043;-0.01122;0.00828;-0.00543;-0.00090;-0.00380;
4;1;213;13.000;3.000;-3.600;0.01042;-0.01313;0.00867;-0.00634;-0.00070;-0.00380;
4;1;214;13.500;3.000;-3.600;0.01042;-0.01505;0.00899;-0.00734;-0.00067;-0.00380;
4;1;215;14.000;3.000;-3.600;0.01042;-0.01697;0.00935;-0.00831;-0.00085;-0.00379;
4;1;216;14.500;3.000;-3.600;0.01042;-0.01888;0.00986;-0.00914;-0.00124;-0.00379;
4;1;217;15.000;3.000;-3.600;0.01042;-0.02079;0.01060;-0.00985;-0.00166;-0.00379;
4;1;218;0.000;3.500;-3.600;0.01233;0.03689;0.00339;0.01689;-0.00171;-0.00374;
4;1;219;0.500;3.500;-3.600;0.01233;0.03499;0.00399;0.01598;-0.00070;-0.00377;
4;1;220;1.000;3.500;-3.600;0.01234;0.03307;0.00417;0.01504;-0.00011;-0.00380;
4;1;221;1.500;3.500;-3.600;0.01234;0.03115;0.00417;0.01400;0.00007;-0.00381;
4;1;222;2.000;3.500;-3.600;0.01235;0.02922;0.00416;0.01298;-0.00009;-0.00381;
4;1;223;2.500;3.500;-3.600;0.01235;0.02730;0.00431;0.01214;-0.00066;-0.00380;
4;1;224;3.000;3.500;-3.600;0.01235;0.02538;0.00481;0.01141;-0.00149;-0.00379;
4;1;225;3.500;3.500;-3.600;0.01235;0.02346;0.00533;0.01072;-0.00068;-0.00380;
4;1;226;4.000;3.500;-3.600;0.01236;0.02153;0.00549;0.00990;-0.00010;-0.00382;
4;1;227;4.500;3.500;-3.600;0.01236;0.01960;0.00548;0.00889;0.00012;-0.00382;
4;1;228;5.000;3.500;-3.600;0.01236;0.01767;0.00542;0.00788;0.00008;-0.00382;
4;1;229;5.500;3.500;-3.600;0.01236;0.01574;0.00544;0.00699;-0.00025;-0.00380;
4;1;230;6.000;3.500;-3.600;0.01236;0.01382;0.00569;0.00618;-0.00085;-0.00379;
4;1;231;6.500;3.500;-3.600;0.01236;0.01190;0.00592;0.00540;-0.00019;-0.00380;
4;1;232;7.000;3.500;-3.600;0.01236;0.00997;0.00590;0.00451;0.00022;-0.00382;
4;1;233;7.500;3.500;-3.600;0.01236;0.00804;0.00575;0.00350;0.00035;-0.00382;
4;1;234;8.000;3.500;-3.600;0.01236;0.00610;0.00559;0.00249;0.00026;-0.00382;
4;1;235;8.500;3.500;-3.600;0.01236;0.00417;0.00554;0.00160;-0.00012;-0.00380;
4;1;236;9.000;3.500;-3.600;0.01236;0.00225;0.00572;0.00081;-0.00073;-0.00379;
4;1;237;9.500;3.500;-3.600;0.01235;0.00033;0.00590;0.00002;-0.00008;-0.00380;
4;1;238;10.000;3.500;-3.600;0.01235;-0.00160;0.00582;-0.00087;0.00032;-0.00381;
4;1;239;10.500;3.500;-3.600;0.01235;-0.00353;0.00562;-0.00190;0.00045;-0.00382;
4;1;240;11.000;3.500;-3.600;0.01235;-0.00546;0.00542;-0.00292;0.00035;-0.00381;
4;1;241;11.500;3.500;-3.600;0.01234;-0.00739;0.00532;-0.00381;-0.00004;-0.00379;
4;1;242;12.000;3.500;-3.600;0.01234;-0.00930;0.00546;-0.00460;-0.00066;-0.00377;
4;1;243;12.500;3.500;-3.600;0.01233;-0.01121;0.00561;-0.00542;-0.00002;-0.00378;
4;1;244;13.000;3.500;-3.600;0.01233;-0.01313;0.00551;-0.00633;0.00035;-0.00380;
4;1;245;13.500;3.500;-3.600;0.01232;-0.01505;0.00531;-0.00738;0.00041;-0.00380;
4;1;246;14.000;3.500;-3.600;0.01232;-0.01697;0.00515;-0.00843;0.00019;-0.00379;
4;1;247;14.500;3.500;-3.600;0.01231;-0.01889;0.00518;-0.00936;-0.00040;-0.00376;
4;1;248;15.000;3.500;-3.600;0.01231;-0.02079;0.00563;-0.01024;-0.00141;-0.00373;
4;1;249;0.000;4.000;-3.600;0.01418;0.03689;0.01194;0.01740;-0.00196;-0.00360;
4;1;250;0.500;4.000;-3.600;0.01423;0.03499;0.01208;0.01620;-0.00022;-0.00381;
4;1;251;1.000;4.000;-3.600;0.01425;0.03307;0.01172;0.01513;0.00041;-0.00382;
4;1;252;1.500;4.000;-3.600;0.01426;0.03114;0.01117;0.01402;0.00057;-0.00383;
4;1;253;2.000;4.000;-3.600;0.01427;0.02922;0.01064;0.01293;0.00041;-0.00383;
4;1;254;2.500;4.000;-3.600;0.01426;0.02730;0.01030;0.01197;-0.00021;-0.00382;
4;1;255;3.000;4.000;-3.600;0.01424;0.02538;0.01053;0.01142;-0.00219;-0.00368;
4;1;256;3.500;4.000;-3.600;0.01427;0.02346;0.01077;0.01089;-0.00024;-0.00383;
4;1;257;4.000;4.000;-3.600;0.01428;0.02153;0.01045;0.00995;0.00039;-0.00383;
4;1;258;4.500;4.000;-3.600;0.01429;0.01960;0.00993;0.00891;0.00061;-0.00384;
4;1;259;5.000;4.000;-3.600;0.01429;0.01767;0.00935;0.00785;0.00058;-0.00384;
4;1;260;5.500;4.000;-3.600;0.01428;0.01574;0.00888;0.00687;0.00020;-0.00383;
4;1;261;6.000;4.000;-3.600;0.01424;0.01382;0.00878;0.00618;-0.00112;-0.00366;
4;1;262;6.500;4.000;-3.600;0.01428;0.01190;0.00868;0.00552;0.00026;-0.00383;
4;1;263;7.000;4.000;-3.600;0.01429;0.00997;0.00816;0.00455;0.00071;-0.00384;
4;1;264;7.500;4.000;-3.600;0.01429;0.00804;0.00750;0.00350;0.00085;-0.00384;
4;1;265;8.000;4.000;-3.600;0.01429;0.00610;0.00683;0.00246;0.00075;-0.00384;
4;1;266;8.500;4.000;-3.600;0.01428;0.00417;0.00628;0.00149;0.00033;-0.00383;
4;1;267;9.000;4.000;-3.600;0.01423;0.00225;0.00613;0.00082;-0.00102;-0.00366;
4;1;268;9.500;4.000;-3.600;0.01427;0.00033;0.00597;0.00014;0.00037;-0.00383;
4;1;269;10.000;4.000;-3.600;0.01428;-0.00160;0.00539;-0.00084;0.00082;-0.00384;
4;1;270;10.500;4.000;-3.600;0.01427;-0.00353;0.00467;-0.00189;0.00095;-0.00383;
4;1;271;11.000;4.000;-3.600;0.01427;-0.00546;0.00395;-0.00295;0.00085;-0.00383;
4;1;272;11.500;4.000;-3.600;0.01425;-0.00739;0.00336;-0.00393;0.00042;-0.00382;
4;1;273;12.000;4.000;-3.600;0.01421;-0.00930;0.00317;-0.00457;-0.00095;-0.00364;
4;1;274;12.500;4.000;-3.600;0.01424;-0.01121;0.00296;-0.00530;0.00044;-0.00381;
4;1;275;13.000;4.000;-3.600;0.01424;-0.01313;0.00234;-0.00631;0.00087;-0.00382;
4;1;276;13.500;4.000;-3.600;0.01424;-0.01505;0.00161;-0.00741;0.00093;-0.00381;
4;1;277;14.000;4.000;-3.600;0.01423;-0.01697;0.00091;-0.00852;0.00071;-0.00381;
4;1;278;14.500;4.000;-3.600;0.01421;-0.01888;0.00039;-0.00958;0.00007;-0.00380;
4;1;279;15.000;4.000;-3.600;0.01415;-0.02079;0.00039;-0.01078;-0.00170;-0.00359;
